GAME_DATE,PLAYER_KEY,PLAYER_NAME,TEAM_ABBREVIATION,OPPONENT_ABBREVIATION,OPPONENT,MATCHUP,GAME_ID,SIM_RUNS,ACTIVE_PROB,INJURY_STATUS,CONFIDENCE_LABEL,MODEL_CONFIDENCE,MIN_PROJ,PRED_MIN,SIM_MIN_P10,SIM_MIN_P50,SIM_MIN_P90,SIM_MIN_STD,PTS_PROJ,PRED_PTS,SIM_PTS_P10,SIM_PTS_P50,SIM_PTS_P90,SIM_PTS_STD,REB_PROJ,PRED_REB,SIM_REB_P10,SIM_REB_P50,SIM_REB_P90,SIM_REB_STD,AST_PROJ,PRED_AST,SIM_AST_P10,SIM_AST_P50,SIM_AST_P90,SIM_AST_STD,FG3M_PROJ,PRED_FG3M,SIM_FG3M_P10,SIM_FG3M_P50,SIM_FG3M_P90,SIM_FG3M_STD,STL_PROJ,PRED_STL,SIM_STL_P10,SIM_STL_P50,SIM_STL_P90,SIM_STL_STD,BLK_PROJ,PRED_BLK,SIM_BLK_P10,SIM_BLK_P50,SIM_BLK_P90,SIM_BLK_STD,PRA_PROJ,SIM_PRA_P10,SIM_PRA_P50,SIM_PRA_P90,SIM_PRA_STD,PR_PROJ,SIM_PR_P10,SIM_PR_P50,SIM_PR_P90,SIM_PR_STD,PA_PROJ,SIM_PA_P10,SIM_PA_P50,SIM_PA_P90,SIM_PA_STD,RA_PROJ,SIM_RA_P10,SIM_RA_P50,SIM_RA_P90,SIM_RA_STD,SB_PROJ,SIM_SB_P10,SIM_SB_P50,SIM_SB_P90,SIM_SB_STD,player_name,player_key,team,opponent,matchup,game_date,game_id,projected_minutes,pts_proj,pts_median,reb_proj,reb_median,ast_proj,ast_median,fg3m_proj,fg3m_median,stl_proj,stl_median,blk_proj,blk_median,pts_floor,pts_ceiling,pts_std,reb_floor,reb_ceiling,reb_std,ast_floor,ast_ceiling,ast_std,fg3m_floor,fg3m_ceiling,fg3m_std,stl_floor,stl_ceiling,stl_std,blk_floor,blk_ceiling,blk_std,confidence
2026-06-08,a'ja wilson,A'ja Wilson,LVA,SEA,SEA,LVA vs SEA,401856974,10000,,UNKNOWN,Low,LOW,33.1,34.33,27.61,33.51,38.23,4.07,23.92,,16.64,23.62,31.66,5.87,10.0,,5.83,9.75,14.57,3.46,2.91,,1.81,2.83,4.08,0.9,1.07,,0.34,0.97,1.9,0.64,1.33,,0.53,1.24,2.21,0.68,2.66,,1.44,2.57,4.0,1.01,36.82,28.12,36.54,45.91,6.98,33.92,25.26,33.58,42.82,6.88,26.82,19.38,26.51,34.73,5.97,12.91,8.53,12.64,17.66,3.6,3.99,2.49,3.89,5.61,1.23,A'ja Wilson,a'ja wilson,LVA,SEA,LVA vs SEA,2026-06-08,401856974,34.33,,,,,,,,,,,,,,,,,,,,,,,,,,,,,,,low
2026-06-08,aaliyah edwards,Aaliyah Edwards,CON,NYL,NYL,CON vs NYL,401856972,10000,,UNKNOWN,Medium,MEDIUM,16.15,15.73,6.84,16.02,25.55,7.2,6.3,,2.07,5.65,11.3,3.77,3.87,,1.68,3.59,6.41,1.92,1.14,,0.16,0.93,2.41,0.94,0.17,,0.04,0.15,0.33,0.12,0.88,,0.22,0.76,1.67,0.6,0.51,,0.09,0.42,1.03,0.4,11.32,5.94,10.74,17.52,4.64,10.18,5.03,9.59,16.16,4.45,7.44,2.96,6.83,12.77,3.95,5.01,2.47,4.7,8.0,2.21,1.38,0.54,1.26,2.37,0.74,Aaliyah Edwards,aaliyah edwards,CON,NYL,CON vs NYL,2026-06-08,401856972,15.73,,,,,,,,,,,,,,,,,,,,,,,,,,,,,,,medium
2026-06-08,alex fowler,Alex Fowler,NYL,CON,CON,NYL @ CON,401856972,10000,,UNKNOWN,High,HIGH,15.86,15.89,12.73,15.84,19.0,2.47,8.55,,6.89,8.48,10.3,1.33,1.05,,0.84,1.04,1.27,0.16,1.14,,0.93,1.14,1.37,0.17,1.48,,1.19,1.47,1.78,0.23,0.36,,0.22,0.35,0.51,0.11,0.17,,0.06,0.16,0.31,0.1,10.75,8.97,10.67,12.6,1.43,9.6,7.88,9.53,11.4,1.38,9.7,7.99,9.63,11.5,1.38,2.19,1.86,2.19,2.54,0.26,0.53,0.35,0.52,0.73,0.15,Alex Fowler,alex fowler,NYL,CON,NYL @ CON,2026-06-08,401856972,15.89,,,,,,,,,,,,,,,,,,,,,,,,,,,,,,,high
2026-06-08,alex wilson,Alex Wilson,WAS,IND,IND,WAS vs IND,401856973,10000,,UNKNOWN,Low,LOW,12.59,11.6,3.97,12.25,21.49,6.59,3.16,,1.25,2.88,5.44,1.71,1.91,,0.38,1.58,3.84,1.46,0.88,,0.12,0.69,1.87,0.74,0.67,,0.14,0.56,1.33,0.49,0.34,,0.13,0.31,0.57,0.18,0.4,,0.04,0.3,0.88,0.37,5.94,2.94,5.55,9.49,2.63,5.07,2.32,4.68,8.3,2.41,4.03,1.81,3.73,6.66,1.95,2.79,0.94,2.45,5.03,1.71,0.74,0.29,0.65,1.31,0.42,Alex Wilson,alex wilson,WAS,IND,WAS vs IND,2026-06-08,401856973,11.6,,,,,,,,,,,,,,,,,,,,,,,,,,,,,,,low
2026-06-08,alicia florez getino,Alicia Florez Getino,WAS,IND,IND,WAS vs IND,401856973,10000,,UNKNOWN,Medium,MEDIUM,24.89,24.91,20.94,24.89,28.85,3.09,7.27,,5.25,7.19,9.39,1.61,2.48,,0.53,2.17,4.72,1.75,4.08,,2.09,3.92,6.24,1.65,0.51,,0.1,0.44,1.0,0.38,1.0,,0.25,0.9,1.88,0.68,0.25,,0.13,0.24,0.39,0.11,13.83,10.22,13.65,17.69,2.95,9.76,6.85,9.55,12.81,2.4,11.35,8.43,11.24,14.4,2.35,6.56,3.75,6.28,9.73,2.41,1.26,0.5,1.15,2.15,0.69,Alicia Florez Getino,alicia florez getino,WAS,IND,WAS vs IND,2026-06-08,401856973,24.91,,,,,,,,,,,,,,,,,,,,,,,,,,,,,,,medium
2026-06-08,aliyah boston,Aliyah Boston,IND,WAS,WAS,IND @ WAS,401856973,10000,,DAY-TO-DAY,Medium,MEDIUM,27.79,27.81,23.23,27.78,32.44,3.56,15.19,,9.25,14.83,21.69,4.92,8.67,,5.33,8.5,12.18,2.73,3.08,,2.23,3.03,4.01,0.7,1.23,,0.46,1.15,2.08,0.66,1.28,,0.4,1.17,2.29,0.76,1.1,,0.29,0.98,2.07,0.73,26.94,19.86,26.58,34.61,5.81,23.86,16.89,23.52,31.35,5.7,18.28,12.15,17.89,24.85,5.02,11.75,8.25,11.57,15.48,2.85,2.38,1.14,2.24,3.8,1.06,Aliyah Boston,aliyah boston,IND,WAS,IND @ WAS,2026-06-08,401856973,27.81,,,,,,,,,,,,,,,,,,,,,,,,,,,,,,,medium
2026-06-08,aneesah morrow,Aneesah Morrow,CON,NYL,NYL,CON vs NYL,401856972,10000,,UNKNOWN,Medium,MEDIUM,26.15,27.1,16.66,26.43,35.52,7.15,13.0,,7.44,12.57,19.13,4.59,10.18,,6.1,9.88,14.64,3.38,1.86,,0.79,1.73,3.1,0.92,1.04,,0.34,0.94,1.85,0.61,1.05,,0.4,0.98,1.8,0.56,0.83,,0.2,0.72,1.6,0.58,25.04,17.33,24.65,33.24,6.2,23.18,15.74,22.78,31.18,6.02,14.86,9.15,14.43,21.33,4.77,12.04,7.69,11.74,16.75,3.58,1.88,0.92,1.78,2.97,0.82,Aneesah Morrow,aneesah morrow,CON,NYL,CON vs NYL,2026-06-08,401856972,27.1,,,,,,,,,,,,,,,,,,,,,,,,,,,,,,,medium
2026-06-08,angela dugalic,Angela Dugalic,WAS,IND,IND,WAS vs IND,401856973,10000,,UNKNOWN,Medium,MEDIUM,15.72,15.73,11.37,15.72,20.11,3.42,5.58,,2.08,5.2,9.52,2.99,4.13,,2.47,3.99,5.97,1.37,0.98,,0.38,0.92,1.64,0.51,0.34,,0.03,0.27,0.73,0.31,0.82,,0.11,0.67,1.68,0.68,0.56,,0.16,0.5,1.04,0.37,10.69,6.63,10.33,15.19,3.43,9.71,5.76,9.35,14.11,3.35,6.56,2.98,6.18,10.57,3.06,5.11,3.28,4.97,7.13,1.5,1.38,0.53,1.24,2.4,0.79,Angela Dugalic,angela dugalic,WAS,IND,WAS vs IND,2026-06-08,401856973,15.73,,,,,,,,,,,,,,,,,,,,,,,,,,,,,,,medium
2026-06-08,anneli maley,Anneli Maley,NYL,CON,CON,NYL @ CON,401856972,10000,,UNKNOWN,Low,LOW,9.16,8.46,2.95,8.92,15.62,4.81,1.67,,0.75,1.56,2.73,0.79,2.99,,1.07,2.68,5.29,1.71,0.47,,0.22,0.44,0.76,0.22,0.36,,0.15,0.33,0.61,0.19,0.63,,0.13,0.52,1.26,0.48,0.26,,0.08,0.23,0.46,0.16,5.13,2.66,4.84,7.9,2.09,4.66,2.29,4.37,7.36,2.02,2.14,1.11,2.04,3.28,0.87,3.46,1.46,3.17,5.82,1.77,0.88,0.32,0.78,1.57,0.52,Anneli Maley,anneli maley,NYL,CON,NYL @ CON,2026-06-08,401856972,8.46,,,,,,,,,,,,,,,,,,,,,,,,,,,,,,,low
2026-06-08,ashlon jackson,Ashlon Jackson,CON,NYL,NYL,CON vs NYL,401856972,10000,,UNKNOWN,Medium,MEDIUM,16.13,16.13,11.74,16.11,20.53,3.43,2.01,,0.12,1.55,4.42,1.9,0.63,,0.23,0.58,1.1,0.35,1.17,,0.23,1.01,2.28,0.86,0.58,,0.01,0.41,1.34,0.65,1.0,,0.12,0.82,2.06,0.85,0.17,,0.05,0.15,0.31,0.1,3.82,1.56,3.37,6.58,2.15,2.64,0.73,2.16,5.1,1.94,3.19,0.99,2.72,5.93,2.11,1.8,0.76,1.65,3.03,0.93,1.17,0.29,1.0,2.26,0.86,Ashlon Jackson,ashlon jackson,CON,NYL,CON vs NYL,2026-06-08,401856972,16.13,,,,,,,,,,,,,,,,,,,,,,,,,,,,,,,medium
2026-06-08,aubrey griffin,Aubrey Griffin,NYL,CON,CON,NYL @ CON,401856972,10000,,UNKNOWN,Medium,MEDIUM,8.21,8.18,4.55,8.2,11.86,2.83,1.86,,0.78,1.72,3.13,0.95,0.49,,0.29,0.48,0.71,0.17,0.14,,0.03,0.12,0.27,0.1,0.19,,0.06,0.17,0.34,0.11,0.19,,0.07,0.18,0.34,0.11,0.11,,0.01,0.09,0.24,0.1,2.49,1.33,2.36,3.82,1.0,2.35,1.21,2.22,3.67,0.99,2.0,0.9,1.86,3.28,0.96,0.63,0.39,0.61,0.9,0.2,0.3,0.13,0.28,0.51,0.15,Aubrey Griffin,aubrey griffin,NYL,CON,NYL @ CON,2026-06-08,401856972,8.18,,,,,,,,,,,,,,,,,,,,,,,,,,,,,,,medium
2026-06-08,awa fam,Awa Fam,SEA,LVA,LVA,SEA @ LVA,401856974,10000,,UNKNOWN,Medium,MEDIUM,25.74,26.13,17.1,25.92,34.23,6.51,11.17,,6.33,10.74,16.52,4.02,6.56,,4.36,6.42,8.9,1.79,1.34,,0.57,1.25,2.22,0.66,0.26,,0.12,0.25,0.41,0.11,1.47,,0.28,1.26,2.89,1.11,0.83,,0.17,0.71,1.64,0.61,19.07,13.34,18.74,25.24,4.73,17.73,12.13,17.38,23.79,4.62,12.51,7.53,12.06,18.04,4.13,7.9,5.47,7.78,10.43,1.96,2.3,0.87,2.08,3.99,1.29,Awa Fam,awa fam,SEA,LVA,SEA @ LVA,2026-06-08,401856974,26.13,,,,,,,,,,,,,,,,,,,,,,,,,,,,,,,medium
2026-06-08,betnijah laney-hamilton,Betnijah Laney-Hamilton,NYL,CON,CON,NYL @ CON,401856972,10000,,UNKNOWN,Medium,MEDIUM,18.9,18.91,12.23,18.85,25.55,5.25,5.24,,1.95,4.81,9.0,2.84,1.62,,0.46,1.47,2.99,1.02,1.64,,0.65,1.51,2.79,0.85,1.07,,0.28,0.96,2.0,0.71,0.67,,0.09,0.54,1.39,0.55,0.24,,0.03,0.19,0.52,0.21,8.51,4.72,8.13,12.75,3.24,6.87,3.3,6.49,10.91,3.06,6.88,3.41,6.49,10.86,3.01,3.27,1.67,3.09,5.1,1.37,0.91,0.27,0.79,1.69,0.6,Betnijah Laney-Hamilton,betnijah laney-hamilton,NYL,CON,NYL @ CON,2026-06-08,401856972,18.91,,,,,,,,,,,,,,,,,,,,,,,,,,,,,,,medium
2026-06-08,breanna stewart,Breanna Stewart,NYL,CON,CON,NYL @ CON,401856972,10000,,UNKNOWN,Medium,MEDIUM,29.97,30.02,24.91,30.04,35.01,3.92,18.02,,11.77,17.71,24.72,5.12,8.66,,6.98,8.6,10.44,1.37,2.81,,1.58,2.73,4.15,1.03,0.86,,0.3,0.79,1.5,0.49,1.32,,0.51,1.24,2.23,0.69,1.25,,0.34,1.12,2.32,0.81,29.49,22.63,29.21,36.61,5.52,26.68,19.98,26.33,33.71,5.38,20.83,14.41,20.54,27.67,5.25,11.47,9.29,11.39,13.78,1.76,2.57,1.31,2.44,3.99,1.06,Breanna Stewart,breanna stewart,NYL,CON,NYL @ CON,2026-06-08,401856972,30.02,,,,,,,,,,,,,,,,,,,,,,,,,,,,,,,medium
2026-06-08,bree hall,Bree Hall,IND,WAS,WAS,IND @ WAS,401856973,10000,,UNKNOWN,High,HIGH,21.49,21.5,18.3,21.5,24.71,2.49,5.78,,4.8,5.74,6.78,0.78,3.1,,2.57,3.08,3.65,0.43,2.13,,1.77,2.12,2.51,0.29,0.62,,0.48,0.62,0.78,0.12,0.93,,0.76,0.93,1.1,0.13,0.37,,0.24,0.36,0.52,0.11,11.01,9.7,10.97,12.33,1.03,8.87,7.7,8.84,10.09,0.94,7.91,6.81,7.88,9.04,0.87,5.23,4.54,5.21,5.95,0.55,1.3,1.08,1.3,1.53,0.18,Bree Hall,bree hall,IND,WAS,IND @ WAS,2026-06-08,401856973,21.5,,,,,,,,,,,,,,,,,,,,,,,,,,,,,,,high
2026-06-08,brianna turner,Brianna Turner,LVA,SEA,SEA,LVA vs SEA,401856974,10000,,UNKNOWN,Low,LOW,13.02,12.75,5.25,12.87,20.83,5.93,1.62,,0.26,1.34,3.36,1.31,2.86,,0.86,2.53,5.27,1.8,0.39,,0.04,0.29,0.85,0.36,0.15,,0.03,0.12,0.29,0.11,0.51,,0.03,0.38,1.14,0.5,0.9,,0.24,0.79,1.66,0.59,4.87,2.14,4.5,8.07,2.38,4.48,1.84,4.1,7.56,2.32,2.01,0.54,1.73,3.83,1.37,3.25,1.15,2.93,5.76,1.86,1.4,0.52,1.27,2.46,0.79,Brianna Turner,brianna turner,LVA,SEA,LVA vs SEA,2026-06-08,401856974,12.75,,,,,,,,,,,,,,,,,,,,,,,,,,,,,,,low
2026-06-08,brittney griner,Brittney Griner,CON,NYL,NYL,CON vs NYL,401856972,10000,,UNKNOWN,Medium,MEDIUM,24.14,24.15,15.91,24.21,32.45,6.4,12.3,,7.29,11.89,17.89,4.21,4.79,,2.93,4.68,6.8,1.51,2.47,,0.94,2.3,4.17,1.32,0.32,,0.18,0.31,0.49,0.12,1.17,,0.29,1.03,2.23,0.8,1.42,,0.39,1.27,2.61,0.92,19.57,13.45,19.22,26.16,4.98,17.1,11.45,16.68,23.23,4.66,14.78,9.32,14.4,20.82,4.53,7.27,4.74,7.1,10.04,2.09,2.59,1.15,2.43,4.22,1.24,Brittney Griner,brittney griner,CON,NYL,CON vs NYL,2026-06-08,401856972,24.15,,,,,,,,,,,,,,,,,,,,,,,,,,,,,,,medium
2026-06-08,caitlin clark,Caitlin Clark,IND,WAS,WAS,IND @ WAS,401856973,10000,,DAY-TO-DAY,Low,LOW,30.31,30.7,24.0,30.51,36.57,4.77,18.84,,12.12,18.45,26.0,5.53,4.68,,2.96,4.57,6.5,1.41,7.78,,5.92,7.71,9.7,1.49,2.64,,1.0,2.44,4.49,1.4,1.52,,0.65,1.43,2.49,0.73,0.7,,0.22,0.64,1.25,0.42,31.3,23.78,30.93,39.16,6.12,23.52,16.55,23.14,30.92,5.76,26.61,19.45,26.26,34.22,5.87,12.46,9.79,12.36,15.25,2.13,2.21,1.18,2.13,3.34,0.85,Caitlin Clark,caitlin clark,IND,WAS,IND @ WAS,2026-06-08,401856973,30.7,,,,,,,,,,,,,,,,,,,,,,,,,,,,,,,low
2026-06-08,cassandre prosper,Cassandre Prosper,WAS,IND,IND,WAS vs IND,401856973,10000,,UNKNOWN,Low,LOW,16.54,16.2,7.04,16.41,26.11,7.25,2.88,,0.73,2.51,5.53,1.96,1.73,,0.28,1.41,3.58,1.38,0.93,,0.09,0.72,2.03,0.85,0.38,,0.03,0.29,0.84,0.35,0.59,,0.06,0.46,1.27,0.53,0.24,,0.01,0.17,0.55,0.23,5.53,2.42,5.12,9.21,2.7,4.61,1.78,4.2,7.96,2.48,3.81,1.35,3.4,6.79,2.2,2.66,0.85,2.35,4.91,1.66,0.83,0.21,0.7,1.6,0.59,Cassandre Prosper,cassandre prosper,WAS,IND,WAS vs IND,2026-06-08,401856973,16.2,,,,,,,,,,,,,,,,,,,,,,,,,,,,,,,low
2026-06-08,charlisse leger-walker,Charlisse Leger-Walker,CON,NYL,NYL,CON vs NYL,401856972,10000,,UNKNOWN,Low,LOW,19.39,19.44,12.11,19.44,26.76,5.75,4.2,,0.67,3.5,8.53,3.33,0.85,,0.21,0.74,1.61,0.59,1.73,,0.8,1.63,2.78,0.8,0.67,,0.03,0.5,1.51,0.68,0.65,,0.09,0.53,1.34,0.54,0.25,,0.03,0.2,0.52,0.21,6.78,2.98,6.1,11.42,3.53,5.05,1.45,4.34,9.51,3.39,5.93,2.21,5.26,10.46,3.46,2.58,1.38,2.46,3.94,1.02,0.9,0.28,0.78,1.66,0.58,Charlisse Leger-Walker,charlisse leger-walker,CON,NYL,CON vs NYL,2026-06-08,401856972,19.44,,,,,,,,,,,,,,,,,,,,,,,,,,,,,,,low
2026-06-08,chelsea gray,Chelsea Gray,LVA,SEA,SEA,LVA vs SEA,401856974,10000,,UNKNOWN,Low,LOW,31.56,31.95,25.9,31.74,37.02,4.21,13.76,,8.27,13.4,19.78,4.5,4.18,,2.35,4.05,6.16,1.49,6.82,,4.85,6.74,8.88,1.58,2.01,,0.64,1.83,3.58,1.2,1.35,,0.76,1.31,1.99,0.49,0.87,,0.25,0.78,1.59,0.55,24.77,18.44,24.47,31.51,5.13,17.95,12.13,17.62,24.25,4.8,20.58,14.76,20.26,26.98,4.83,11.0,8.22,10.9,13.94,2.24,2.22,1.33,2.15,3.2,0.74,Chelsea Gray,chelsea gray,LVA,SEA,LVA vs SEA,2026-06-08,401856974,31.95,,,,,,,,,,,,,,,,,,,,,,,,,,,,,,,low
2026-06-08,chennedy carter,Chennedy Carter,LVA,SEA,SEA,LVA vs SEA,401856974,10000,,UNKNOWN,Low,LOW,24.2,24.22,17.28,24.18,31.18,5.36,10.95,,6.36,10.64,15.89,3.82,2.1,,0.4,1.8,4.15,1.59,1.47,,0.22,1.23,2.97,1.16,0.87,,0.05,0.66,1.91,0.83,0.8,,0.25,0.73,1.44,0.48,0.31,,0.03,0.25,0.66,0.27,14.52,9.17,14.12,20.34,4.43,13.05,8.0,12.65,18.6,4.22,12.41,7.53,12.04,17.74,4.05,3.57,1.33,3.26,6.18,1.98,1.12,0.47,1.04,1.85,0.55,Chennedy Carter,chennedy carter,LVA,SEA,LVA vs SEA,2026-06-08,401856974,24.22,,,,,,,,,,,,,,,,,,,,,,,,,,,,,,,low
2026-06-08,cheyenne parker-tyus,Cheyenne Parker-Tyus,LVA,SEA,SEA,LVA vs SEA,401856974,10000,,UNKNOWN,Medium,MEDIUM,12.05,11.93,5.98,12.02,18.14,4.71,4.28,,1.32,3.8,7.79,2.66,2.94,,1.12,2.72,5.03,1.56,0.59,,0.07,0.47,1.24,0.51,0.22,,0.0,0.14,0.51,0.24,0.42,,0.07,0.35,0.85,0.34,0.94,,0.28,0.84,1.73,0.59,7.81,3.97,7.33,12.15,3.3,7.22,3.49,6.75,11.5,3.21,4.87,1.8,4.4,8.5,2.74,3.53,1.56,3.31,5.73,1.68,1.36,0.55,1.26,2.3,0.7,Cheyenne Parker-Tyus,cheyenne parker-tyus,LVA,SEA,LVA vs SEA,2026-06-08,401856974,11.93,,,,,,,,,,,,,,,,,,,,,,,,,,,,,,,medium
2026-06-08,cotie mcmahon,Cotie McMahon,WAS,IND,IND,WAS vs IND,401856973,10000,,UNKNOWN,Medium,MEDIUM,19.22,18.99,7.76,18.97,31.18,8.73,5.67,,1.59,4.97,10.65,3.74,2.08,,0.49,1.78,4.08,1.48,1.71,,0.49,1.51,3.18,1.09,0.78,,0.15,0.66,1.57,0.59,0.91,,0.08,0.69,1.97,0.84,0.42,,0.06,0.34,0.89,0.36,9.46,4.45,8.74,15.33,4.43,7.75,3.1,7.05,13.34,4.17,7.38,2.96,6.69,12.64,3.99,3.79,1.6,3.49,6.36,1.92,1.33,0.37,1.14,2.55,0.92,Cotie McMahon,cotie mcmahon,WAS,IND,WAS vs IND,2026-06-08,401856973,18.99,,,,,,,,,,,,,,,,,,,,,,,,,,,,,,,medium
2026-06-08,damiris dantas,Damiris Dantas,IND,WAS,WAS,IND @ WAS,401856973,10000,,UNKNOWN,Medium,MEDIUM,10.69,10.67,6.53,10.67,14.94,3.3,2.44,,0.79,2.22,4.37,1.43,1.33,,0.58,1.25,2.19,0.65,0.92,,0.43,0.87,1.47,0.41,0.74,,0.5,0.72,0.99,0.19,0.47,,0.1,0.41,0.92,0.34,0.41,,0.03,0.32,0.9,0.38,4.68,2.67,4.48,6.99,1.71,3.77,1.87,3.57,5.95,1.61,3.35,1.59,3.15,5.4,1.53,2.24,1.29,2.16,3.31,0.8,0.88,0.32,0.8,1.57,0.51,Damiris Dantas,damiris dantas,IND,WAS,IND @ WAS,2026-06-08,401856973,10.67,,,,,,,,,,,,,,,,,,,,,,,,,,,,,,,medium
2026-06-08,dana evans,Dana Evans,LVA,SEA,SEA,LVA vs SEA,401856974,10000,,UNKNOWN,High,HIGH,24.28,24.29,21.12,24.25,27.46,2.48,7.2,,6.02,7.17,8.42,0.94,2.87,,2.4,2.86,3.35,0.37,1.47,,1.23,1.46,1.71,0.19,0.77,,0.62,0.76,0.93,0.12,0.75,,0.6,0.74,0.91,0.12,0.39,,0.26,0.39,0.53,0.11,11.54,10.15,11.51,12.95,1.1,10.07,8.74,10.05,11.42,1.05,8.67,7.43,8.63,9.94,0.98,4.33,3.78,4.33,4.9,0.43,1.14,0.93,1.13,1.36,0.17,Dana Evans,dana evans,LVA,SEA,LVA vs SEA,2026-06-08,401856974,24.29,,,,,,,,,,,,,,,,,,,,,,,,,,,,,,,high
2026-06-08,darianna littlepage-buggs,Darianna Littlepage-Buggs,WAS,IND,IND,WAS vs IND,401856973,10000,,UNKNOWN,High,HIGH,21.33,21.34,18.14,21.36,24.48,2.5,7.48,,6.21,7.44,8.81,1.01,3.19,,2.64,3.18,3.76,0.44,1.72,,1.42,1.71,2.02,0.23,0.73,,0.58,0.73,0.9,0.13,0.71,,0.55,0.7,0.87,0.12,0.46,,0.31,0.45,0.61,0.11,12.39,10.84,12.36,13.98,1.22,10.68,9.22,10.63,12.2,1.16,9.2,7.84,9.16,10.61,1.07,4.91,4.24,4.9,5.6,0.53,1.16,0.94,1.16,1.38,0.17,Darianna Littlepage-Buggs,darianna littlepage-buggs,WAS,IND,WAS vs IND,2026-06-08,401856973,21.34,,,,,,,,,,,,,,,,,,,,,,,,,,,,,,,high
2026-06-08,diamond miller,Diamond Miller,CON,NYL,NYL,CON vs NYL,401856972,10000,,UNKNOWN,Medium,MEDIUM,20.37,20.31,13.99,20.39,26.66,4.94,9.46,,5.33,9.06,14.13,3.48,2.81,,1.39,2.67,4.39,1.2,1.49,,0.79,1.42,2.28,0.59,0.96,,0.3,0.87,1.71,0.57,1.03,,0.38,0.95,1.77,0.56,0.28,,0.06,0.24,0.56,0.21,13.75,9.05,13.38,18.9,3.88,12.26,7.71,11.88,17.28,3.78,10.95,6.69,10.55,15.76,3.58,4.29,2.63,4.15,6.14,1.38,1.31,0.6,1.23,2.12,0.6,Diamond Miller,diamond miller,CON,NYL,CON vs NYL,2026-06-08,401856972,20.31,,,,,,,,,,,,,,,,,,,,,,,,,,,,,,,medium
2026-06-08,dominique malonga,Dominique Malonga,SEA,LVA,LVA,SEA @ LVA,401856974,10000,,UNKNOWN,Low,LOW,27.03,28.47,17.11,27.66,36.31,7.31,9.56,,1.89,8.17,18.9,7.03,5.19,,3.75,5.13,6.7,1.15,0.76,,0.22,0.68,1.38,0.48,0.89,,0.04,0.65,2.01,0.91,0.91,,0.34,0.84,1.57,0.5,1.65,,0.55,1.5,2.94,0.98,15.51,7.62,14.15,25.14,7.24,14.75,6.92,13.35,24.35,7.21,10.32,2.61,8.9,19.61,7.05,5.94,4.33,5.88,7.65,1.29,2.57,1.28,2.42,4.02,1.11,Dominique Malonga,dominique malonga,SEA,LVA,SEA @ LVA,2026-06-08,401856974,28.47,,,,,,,,,,,,,,,,,,,,,,,,,,,,,,,low
2026-06-08,ezi magbegor,Ezi Magbegor,SEA,LVA,LVA,SEA @ LVA,401856974,10000,,UNKNOWN,High,HIGH,24.95,24.95,21.76,24.95,28.17,2.48,6.16,,5.16,6.13,7.19,0.8,2.93,,2.46,2.92,3.43,0.38,1.67,,1.39,1.66,1.94,0.22,0.62,,0.48,0.62,0.78,0.12,0.74,,0.59,0.73,0.89,0.12,0.35,,0.22,0.34,0.49,0.11,10.76,9.54,10.72,12.03,0.98,9.09,7.94,9.05,10.3,0.92,7.83,6.76,7.8,8.94,0.85,4.6,4.02,4.59,5.19,0.46,1.09,0.88,1.08,1.3,0.16,Ezi Magbegor,ezi magbegor,SEA,LVA,SEA @ LVA,2026-06-08,401856974,24.95,,,,,,,,,,,,,,,,,,,,,,,,,,,,,,,high
2026-06-08,flau'jae johnson,Flau'jae Johnson,SEA,LVA,LVA,SEA @ LVA,401856974,10000,,UNKNOWN,Low,LOW,26.04,26.06,20.47,26.04,31.58,4.35,10.76,,6.35,10.48,15.58,3.66,5.63,,3.42,5.49,8.04,1.8,2.18,,0.72,2.0,3.84,1.26,1.08,,0.27,0.97,1.99,0.71,1.12,,0.37,1.03,1.97,0.65,1.4,,0.47,1.28,2.46,0.81,18.57,13.19,18.3,24.32,4.4,16.39,11.28,16.09,21.79,4.17,12.94,8.24,12.67,18.05,3.9,7.81,5.13,7.61,10.81,2.24,2.52,1.28,2.4,3.91,1.05,Flau'jae Johnson,flau'jae johnson,SEA,LVA,SEA @ LVA,2026-06-08,401856974,26.06,,,,,,,,,,,,,,,,,,,,,,,,,,,,,,,low
2026-06-08,georgia amoore,Georgia Amoore,WAS,IND,IND,WAS vs IND,401856973,10000,,UNKNOWN,Low,LOW,22.88,22.97,14.15,22.97,31.42,6.66,8.54,,2.22,7.47,16.15,5.77,2.05,,0.67,1.86,3.66,1.21,3.53,,1.68,3.33,5.61,1.56,1.09,,0.37,0.99,1.95,0.64,0.72,,0.18,0.63,1.36,0.48,0.4,,0.02,0.29,0.91,0.42,14.12,7.23,13.07,22.28,6.25,10.59,4.06,9.57,18.46,5.95,12.07,5.35,11.02,20.0,6.06,5.58,3.12,5.36,8.35,2.05,1.12,0.41,1.01,1.95,0.63,Georgia Amoore,georgia amoore,WAS,IND,WAS vs IND,2026-06-08,401856973,22.97,,,,,,,,,,,,,,,,,,,,,,,,,,,,,,,low
2026-06-08,gianna kneepkens,Gianna Kneepkens,CON,NYL,NYL,CON vs NYL,401856972,10000,,UNKNOWN,Low,LOW,11.01,10.98,4.89,10.9,17.13,4.71,2.54,,0.97,2.33,4.36,1.38,1.26,,0.37,1.11,2.35,0.8,0.61,,0.16,0.54,1.15,0.41,0.29,,0.02,0.21,0.64,0.28,0.36,,0.05,0.29,0.75,0.29,0.13,,0.02,0.11,0.28,0.11,4.41,2.33,4.2,6.78,1.76,3.8,1.85,3.6,6.03,1.66,3.15,1.45,2.94,5.1,1.48,1.87,0.8,1.73,3.12,0.93,0.49,0.15,0.43,0.92,0.32,Gianna Kneepkens,gianna kneepkens,CON,NYL,CON vs NYL,2026-06-08,401856972,10.98,,,,,,,,,,,,,,,,,,,,,,,,,,,,,,,low
2026-06-08,grace vanslooten,Grace VanSlooten,IND,WAS,WAS,IND @ WAS,401856973,10000,,UNKNOWN,Low,LOW,11.09,10.73,4.32,10.93,17.9,5.15,2.47,,0.6,2.12,4.78,1.72,1.25,,0.3,1.06,2.41,0.87,1.19,,0.24,0.99,2.38,0.89,0.4,,0.04,0.31,0.87,0.36,0.75,,0.13,0.62,1.54,0.58,0.5,,0.01,0.34,1.21,0.55,4.91,2.29,4.59,7.93,2.27,3.72,1.47,3.4,6.43,2.0,3.66,1.4,3.33,6.33,1.99,2.43,0.96,2.22,4.21,1.3,1.25,0.35,1.09,2.32,0.82,Grace VanSlooten,grace vanslooten,IND,WAS,IND @ WAS,2026-06-08,401856973,10.73,,,,,,,,,,,,,,,,,,,,,,,,,,,,,,,low
2026-06-08,hailey van lith,Hailey Van Lith,CON,NYL,NYL,CON vs NYL,401856972,10000,,UNKNOWN,Low,LOW,18.6,18.55,10.12,18.59,27.15,6.56,4.44,,0.73,3.65,9.19,3.55,0.81,,0.08,0.64,1.73,0.72,1.64,,0.46,1.43,3.07,1.07,0.61,,0.04,0.45,1.37,0.59,0.53,,0.06,0.42,1.12,0.46,0.3,,0.01,0.22,0.69,0.31,6.89,2.71,6.13,12.05,3.86,5.25,1.42,4.45,10.08,3.64,6.08,2.06,5.32,11.08,3.77,2.45,0.98,2.24,4.19,1.32,0.83,0.23,0.72,1.57,0.56,Hailey Van Lith,hailey van lith,CON,NYL,CON vs NYL,2026-06-08,401856972,18.55,,,,,,,,,,,,,,,,,,,,,,,,,,,,,,,low
2026-06-08,han xu,Han Xu,NYL,CON,CON,NYL @ CON,401856972,10000,,UNKNOWN,Medium,MEDIUM,13.95,13.47,5.69,13.7,22.38,6.36,3.45,,0.89,3.02,6.54,2.33,2.29,,0.58,2.0,4.36,1.57,0.69,,0.09,0.55,1.46,0.58,0.65,,0.08,0.5,1.41,0.57,0.55,,0.06,0.44,1.19,0.48,0.42,,0.05,0.33,0.88,0.36,6.43,2.93,6.0,10.48,3.06,5.74,2.38,5.29,9.66,2.96,4.14,1.44,3.73,7.36,2.44,2.97,1.07,2.68,5.27,1.7,0.97,0.3,0.86,1.78,0.62,Han Xu,han xu,NYL,CON,NYL @ CON,2026-06-08,401856972,13.47,,,,,,,,,,,,,,,,,,,,,,,,,,,,,,,medium
2026-06-08,jackie young,Jackie Young,LVA,SEA,SEA,LVA vs SEA,401856974,10000,,UNKNOWN,Low,LOW,30.87,31.72,24.31,31.14,37.23,4.9,13.82,,7.52,13.35,20.61,5.27,4.82,,3.03,4.69,6.75,1.47,6.12,,3.91,5.98,8.51,1.8,1.61,,0.43,1.44,2.99,1.05,1.25,,0.61,1.19,1.97,0.54,0.61,,0.11,0.53,1.2,0.46,24.76,17.5,24.35,32.43,5.93,18.64,12.0,18.19,25.78,5.55,19.94,13.13,19.47,27.38,5.64,10.94,8.0,10.8,14.12,2.38,1.87,1.03,1.79,2.81,0.72,Jackie Young,jackie young,LVA,SEA,LVA vs SEA,2026-06-08,401856974,31.72,,,,,,,,,,,,,,,,,,,,,,,,,,,,,,,low
2026-06-08,jade melbourne,Jade Melbourne,SEA,LVA,LVA,SEA @ LVA,401856974,10000,,UNKNOWN,Medium,MEDIUM,22.23,22.21,15.91,22.29,28.56,4.96,7.66,,3.49,7.29,12.42,3.52,2.43,,1.4,2.36,3.55,0.85,3.41,,1.8,3.28,5.21,1.35,0.52,,0.12,0.45,0.99,0.36,1.01,,0.22,0.87,1.94,0.72,0.36,,0.04,0.29,0.77,0.32,13.49,8.66,13.11,18.84,4.01,10.08,5.68,9.72,14.98,3.67,11.07,6.41,10.68,16.27,3.85,5.84,3.82,5.73,8.0,1.64,1.37,0.49,1.24,2.41,0.8,Jade Melbourne,jade melbourne,SEA,LVA,SEA @ LVA,2026-06-08,401856974,22.21,,,,,,,,,,,,,,,,,,,,,,,,,,,,,,,medium
2026-06-08,janiah barker,Janiah Barker,LVA,SEA,SEA,LVA vs SEA,401856974,10000,,UNKNOWN,High,HIGH,25.74,25.71,22.56,25.74,28.98,2.5,6.88,,5.8,6.85,8.01,0.87,2.85,,2.4,2.84,3.32,0.36,1.47,,1.23,1.46,1.71,0.19,0.67,,0.52,0.66,0.82,0.12,0.73,,0.58,0.72,0.88,0.12,0.38,,0.24,0.37,0.52,0.11,11.2,9.89,11.17,12.53,1.02,9.74,8.5,9.7,11.0,0.98,8.35,7.21,8.31,9.53,0.91,4.32,3.78,4.3,4.88,0.43,1.11,0.9,1.1,1.32,0.16,Janiah Barker,janiah barker,LVA,SEA,LVA vs SEA,2026-06-08,401856974,25.71,,,,,,,,,,,,,,,,,,,,,,,,,,,,,,,high
2026-06-08,jewell loyd,Jewell Loyd,LVA,SEA,SEA,LVA vs SEA,401856974,10000,,UNKNOWN,Medium,MEDIUM,25.84,25.83,22.65,25.84,29.04,2.51,8.44,,3.92,8.01,13.45,3.81,2.5,,1.07,2.37,4.08,1.19,1.37,,0.61,1.3,2.21,0.63,2.26,,0.59,2.03,4.16,1.46,1.13,,0.25,0.99,2.17,0.79,0.62,,0.13,0.55,1.2,0.44,12.31,7.44,11.92,17.68,4.08,10.94,6.16,10.51,16.24,4.02,9.81,5.21,9.36,14.93,3.87,3.87,2.23,3.74,5.69,1.36,1.75,0.71,1.62,2.96,0.91,Jewell Loyd,jewell loyd,LVA,SEA,LVA vs SEA,2026-06-08,401856974,25.83,,,,,,,,,,,,,,,,,,,,,,,,,,,,,,,medium
2026-06-08,jonquel jones,Jonquel Jones,NYL,CON,CON,NYL @ CON,401856972,10000,,UNKNOWN,Medium,MEDIUM,30.1,30.19,25.54,30.15,34.67,3.53,12.64,,8.35,12.45,17.15,3.46,9.23,,6.13,9.05,12.51,2.52,2.56,,1.66,2.51,3.51,0.73,1.46,,0.4,1.32,2.65,0.93,0.78,,0.25,0.7,1.4,0.47,1.28,,0.31,1.14,2.43,0.86,24.44,18.87,24.23,30.22,4.44,21.88,16.44,21.67,27.53,4.35,15.2,10.74,14.96,19.88,3.56,11.79,8.54,11.62,15.26,2.64,2.06,0.92,1.94,3.33,0.98,Jonquel Jones,jonquel jones,NYL,CON,NYL @ CON,2026-06-08,401856972,30.19,,,,,,,,,,,,,,,,,,,,,,,,,,,,,,,medium
2026-06-08,jordan horston,Jordan Horston,SEA,LVA,LVA,SEA @ LVA,401856974,10000,,UNKNOWN,Medium,MEDIUM,20.7,20.7,16.06,20.65,25.44,3.65,4.85,,1.48,4.39,8.75,2.95,4.01,,2.7,3.93,5.44,1.08,1.27,,0.45,1.16,2.22,0.72,0.45,,0.09,0.39,0.87,0.33,1.2,,0.21,1.03,2.39,0.91,0.93,,0.1,0.75,1.94,0.81,10.13,6.31,9.7,14.47,3.31,8.86,5.19,8.44,13.05,3.2,6.11,2.63,5.64,10.16,3.06,5.28,3.67,5.18,7.03,1.33,2.13,0.76,1.92,3.76,1.22,Jordan Horston,jordan horston,SEA,LVA,SEA @ LVA,2026-06-08,401856974,20.7,,,,,,,,,,,,,,,,,,,,,,,,,,,,,,,medium
2026-06-08,joyner holmes,Joyner Holmes,SEA,LVA,LVA,SEA @ LVA,401856974,10000,,UNKNOWN,High,HIGH,13.26,13.25,10.07,13.24,16.47,2.49,2.93,,2.31,2.9,3.6,0.51,4.86,,3.84,4.82,5.95,0.82,1.02,,0.81,1.02,1.25,0.17,0.15,,0.03,0.13,0.27,0.1,0.37,,0.22,0.36,0.52,0.12,2.37,,1.87,2.35,2.91,0.4,8.82,7.39,8.78,10.29,1.13,7.8,6.45,7.76,9.18,1.07,3.96,3.24,3.93,4.72,0.58,5.89,4.79,5.85,7.05,0.88,2.74,2.2,2.73,3.32,0.44,Joyner Holmes,joyner holmes,SEA,LVA,SEA @ LVA,2026-06-08,401856974,13.25,,,,,,,,,,,,,,,,,,,,,,,,,,,,,,,high
2026-06-08,julie vanloo,Julie Vanloo,NYL,CON,CON,NYL @ CON,401856972,10000,,UNKNOWN,Low,LOW,18.62,18.52,12.63,18.64,24.64,4.7,5.56,,1.94,5.12,9.74,3.17,2.45,,0.21,1.91,5.26,2.25,4.47,,1.17,3.95,8.26,2.93,1.43,,0.6,1.34,2.36,0.71,0.73,,0.26,0.67,1.28,0.41,0.19,,0.07,0.18,0.34,0.11,12.47,6.75,11.83,19.18,4.96,8.0,3.5,7.45,13.22,3.93,10.02,4.92,9.45,15.85,4.36,6.91,2.69,6.36,11.81,3.73,0.93,0.44,0.87,1.49,0.42,Julie Vanloo,julie vanloo,NYL,CON,NYL @ CON,2026-06-08,401856972,18.52,,,,,,,,,,,,,,,,,,,,,,,,,,,,,,,low
2026-06-08,justine pissott,Justine Pissott,IND,WAS,WAS,IND @ WAS,401856973,10000,,UNKNOWN,High,HIGH,21.5,21.5,18.3,21.5,24.69,2.49,5.79,,4.82,5.75,6.79,0.77,3.09,,2.58,3.07,3.64,0.42,2.13,,1.78,2.12,2.5,0.29,0.63,,0.48,0.62,0.78,0.12,0.93,,0.77,0.93,1.1,0.13,0.37,,0.24,0.36,0.52,0.11,11.01,9.73,10.98,12.34,1.01,8.88,7.71,8.85,10.09,0.92,7.92,6.84,7.88,9.04,0.86,5.22,4.54,5.21,5.92,0.54,1.3,1.08,1.3,1.54,0.18,Justine Pissott,justine pissott,IND,WAS,IND @ WAS,2026-06-08,401856973,21.5,,,,,,,,,,,,,,,,,,,,,,,,,,,,,,,high
2026-06-08,katie lou samuelson,Katie Lou Samuelson,SEA,LVA,LVA,SEA @ LVA,401856974,10000,,UNKNOWN,Medium,MEDIUM,16.53,16.55,13.31,16.52,19.76,2.52,4.83,,2.64,4.69,7.2,1.81,2.58,,1.59,2.51,3.66,0.82,1.75,,0.98,1.69,2.6,0.65,1.01,,0.42,0.95,1.66,0.49,0.88,,0.24,0.79,1.62,0.57,0.17,,0.05,0.16,0.31,0.1,9.16,6.48,9.0,11.97,2.16,7.41,4.93,7.27,10.06,2.02,6.58,4.23,6.41,9.1,1.95,4.32,3.02,4.26,5.71,1.06,1.05,0.39,0.96,1.8,0.58,Katie Lou Samuelson,katie lou samuelson,SEA,LVA,SEA @ LVA,2026-06-08,401856974,16.55,,,,,,,,,,,,,,,,,,,,,,,,,,,,,,,medium
2026-06-08,kelsey mitchell,Kelsey Mitchell,IND,WAS,WAS,IND @ WAS,401856973,10000,,UNKNOWN,Medium,MEDIUM,29.76,29.8,25.23,29.81,34.23,3.49,18.76,,13.93,18.54,23.9,3.91,1.91,,0.65,1.76,3.32,1.09,3.21,,1.9,3.12,4.61,1.08,2.42,,1.21,2.31,3.72,1.02,1.21,,0.55,1.14,1.94,0.56,0.3,,0.17,0.29,0.44,0.11,23.87,18.6,23.65,29.47,4.29,20.66,15.59,20.46,26.1,4.1,21.97,16.92,21.73,27.32,4.1,5.12,3.25,4.98,7.18,1.55,1.5,0.83,1.44,2.26,0.57,Kelsey Mitchell,kelsey mitchell,IND,WAS,IND @ WAS,2026-06-08,401856973,29.8,,,,,,,,,,,,,,,,,,,,,,,,,,,,,,,medium
2026-06-08,kennedy burke,Kennedy Burke,CON,NYL,NYL,CON vs NYL,401856972,10000,,UNKNOWN,Low,LOW,21.32,21.33,14.6,21.27,28.11,5.25,6.75,,2.44,6.18,11.73,3.73,3.38,,1.58,3.2,5.36,1.52,1.97,,0.46,1.74,3.72,1.36,0.91,,0.13,0.75,1.89,0.74,1.21,,0.27,1.05,2.34,0.85,0.95,,0.24,0.84,1.78,0.64,12.09,6.95,11.61,17.97,4.38,10.12,5.28,9.59,15.59,4.12,8.72,4.09,8.15,14.09,4.01,5.35,2.93,5.11,8.02,2.05,2.16,0.93,2.01,3.6,1.08,Kennedy Burke,kennedy burke,CON,NYL,CON vs NYL,2026-06-08,401856972,21.33,,,,,,,,,,,,,,,,,,,,,,,,,,,,,,,low
2026-06-08,kierstan bell,Kierstan Bell,LVA,SEA,SEA,LVA vs SEA,401856974,10000,,UNKNOWN,Medium,MEDIUM,14.46,14.41,7.07,14.46,21.74,5.69,1.33,,0.02,0.84,3.25,1.59,1.61,,0.11,1.22,3.61,1.52,0.55,,0.05,0.43,1.21,0.5,0.41,,0.0,0.24,1.02,0.53,0.5,,0.09,0.42,1.02,0.39,0.53,,0.02,0.38,1.22,0.55,3.49,1.08,3.0,6.42,2.31,2.94,0.65,2.45,5.78,2.23,1.88,0.35,1.44,3.91,1.69,2.16,0.51,1.79,4.28,1.61,1.03,0.31,0.89,1.91,0.68,Kierstan Bell,kierstan bell,LVA,SEA,LVA vs SEA,2026-06-08,401856974,14.41,,,,,,,,,,,,,,,,,,,,,,,,,,,,,,,medium
2026-06-08,kiki iriafen,Kiki Iriafen,WAS,IND,IND,WAS vs IND,401856973,10000,,UNKNOWN,Medium,MEDIUM,27.1,27.07,22.32,27.13,31.94,3.74,14.4,,10.01,14.15,19.16,3.62,8.88,,5.5,8.65,12.54,2.8,1.73,,0.89,1.67,2.65,0.7,0.49,,0.11,0.43,0.94,0.34,0.79,,0.25,0.72,1.41,0.48,0.5,,0.13,0.44,0.92,0.33,25.02,19.16,24.73,31.24,4.76,23.28,17.53,22.97,29.4,4.68,16.14,11.6,15.87,21.01,3.71,10.61,7.08,10.38,14.39,2.9,1.29,0.61,1.21,2.06,0.58,Kiki Iriafen,kiki iriafen,WAS,IND,WAS vs IND,2026-06-08,401856973,27.07,,,,,,,,,,,,,,,,,,,,,,,,,,,,,,,medium
2026-06-08,lauren betts,Lauren Betts,WAS,IND,IND,WAS vs IND,401856973,10000,,UNKNOWN,Medium,MEDIUM,15.24,14.64,5.26,14.85,25.71,7.68,6.77,,1.85,5.87,12.83,4.47,3.93,,1.7,3.65,6.49,1.92,1.05,,0.19,0.87,2.13,0.82,0.17,,0.03,0.14,0.33,0.12,0.82,,0.03,0.57,1.93,0.87,1.03,,0.12,0.8,2.25,0.9,11.75,5.66,10.89,18.94,5.33,10.69,4.89,9.87,17.62,5.14,7.82,2.68,6.95,14.13,4.64,4.98,2.39,4.7,7.9,2.19,1.85,0.48,1.58,3.59,1.29,Lauren Betts,lauren betts,WAS,IND,WAS vs IND,2026-06-08,401856973,14.64,,,,,,,,,,,,,,,,,,,,,,,,,,,,,,,medium
2026-06-08,leila lacan,Leila Lacan,CON,NYL,NYL,CON vs NYL,401856972,10000,,UNKNOWN,Low,LOW,25.13,25.15,17.82,25.27,32.3,5.62,13.53,,7.39,13.03,20.25,5.13,3.05,,1.91,2.96,4.28,0.94,4.35,,2.49,4.2,6.39,1.56,1.07,,0.42,0.99,1.82,0.56,1.81,,0.6,1.65,3.19,1.05,0.49,,0.12,0.43,0.92,0.33,20.93,14.19,20.48,28.35,5.64,16.58,10.29,16.07,23.58,5.3,17.88,11.31,17.4,25.02,5.47,7.4,5.11,7.23,9.87,1.88,2.29,1.0,2.14,3.77,1.11,Leila Lacan,leila lacan,CON,NYL,CON vs NYL,2026-06-08,401856972,25.15,,,,,,,,,,,,,,,,,,,,,,,,,,,,,,,low
2026-06-08,leonie fiebich,Leonie Fiebich,NYL,CON,CON,NYL @ CON,401856972,10000,,UNKNOWN,Low,LOW,27.88,27.9,22.51,27.88,33.38,4.2,9.26,,4.37,8.79,14.64,4.1,2.69,,1.1,2.53,4.49,1.35,2.06,,0.86,1.93,3.4,1.01,1.71,,0.73,1.61,2.81,0.84,1.11,,0.39,1.02,1.91,0.61,0.28,,0.15,0.27,0.42,0.11,14.01,8.57,13.63,19.78,4.46,11.95,6.75,11.55,17.54,4.32,11.31,6.2,10.87,16.89,4.25,4.75,2.7,4.6,7.01,1.7,1.39,0.66,1.3,2.21,0.62,Leonie Fiebich,leonie fiebich,NYL,CON,NYL @ CON,2026-06-08,401856972,27.9,,,,,,,,,,,,,,,,,,,,,,,,,,,,,,,low
2026-06-08,lexie brown,Lexie Brown,SEA,LVA,LVA,SEA @ LVA,401856974,10000,,UNKNOWN,Medium,MEDIUM,12.55,12.47,5.56,12.42,19.59,5.4,3.41,,0.17,2.44,7.9,3.53,1.35,,0.24,1.13,2.74,1.04,0.72,,0.2,0.64,1.34,0.47,1.05,,0.05,0.77,2.38,1.07,0.68,,0.07,0.53,1.47,0.6,0.21,,0.01,0.14,0.48,0.22,5.47,1.76,4.5,10.39,3.81,4.75,1.13,3.79,9.57,3.75,4.12,0.81,3.14,8.7,3.58,2.06,0.77,1.86,3.63,1.17,0.88,0.21,0.74,1.73,0.65,Lexie Brown,lexie brown,SEA,LVA,SEA @ LVA,2026-06-08,401856974,12.47,,,,,,,,,,,,,,,,,,,,,,,,,,,,,,,medium
2026-06-08,lexie hull,Lexie Hull,IND,WAS,WAS,IND @ WAS,401856973,10000,,UNKNOWN,Low,LOW,19.84,19.88,13.88,19.91,25.71,4.56,4.79,,1.07,4.17,9.14,3.34,3.48,,1.49,3.25,5.76,1.72,1.35,,0.36,1.2,2.5,0.88,1.06,,0.14,0.88,2.21,0.89,0.92,,0.21,0.81,1.77,0.65,0.29,,0.02,0.22,0.62,0.27,9.62,5.14,9.07,14.84,3.91,8.26,3.96,7.7,13.3,3.8,6.14,2.28,5.55,10.75,3.45,4.83,2.52,4.59,7.4,1.95,1.21,0.41,1.09,2.14,0.71,Lexie Hull,lexie hull,IND,WAS,IND @ WAS,2026-06-08,401856973,19.88,,,,,,,,,,,,,,,,,,,,,,,,,,,,,,,low
2026-06-08,lucy olsen,Lucy Olsen,WAS,IND,IND,WAS vs IND,401856973,10000,,UNKNOWN,Medium,MEDIUM,15.33,15.34,11.15,15.35,19.42,3.22,3.78,,1.11,3.39,6.94,2.38,1.1,,0.38,1.01,1.93,0.62,1.93,,1.32,1.9,2.57,0.49,0.49,,0.09,0.42,0.97,0.37,0.25,,0.12,0.24,0.4,0.11,0.16,,0.05,0.15,0.3,0.1,6.81,3.9,6.42,10.24,2.56,4.88,2.07,4.49,8.15,2.48,5.71,2.93,5.32,8.98,2.46,3.03,2.05,2.95,4.13,0.82,0.42,0.23,0.4,0.63,0.16,Lucy Olsen,lucy olsen,WAS,IND,WAS vs IND,2026-06-08,401856973,15.34,,,,,,,,,,,,,,,,,,,,,,,,,,,,,,,medium
2026-06-08,mackenzie holmes,Mackenzie Holmes,SEA,LVA,LVA,SEA @ LVA,401856974,10000,,UNKNOWN,Low,LOW,16.64,16.65,8.85,16.51,24.65,6.09,4.92,,1.07,4.25,9.58,3.52,4.54,,1.72,4.16,7.84,2.47,0.8,,0.2,0.7,1.51,0.54,0.48,,0.03,0.36,1.08,0.46,0.91,,0.14,0.75,1.83,0.72,0.61,,0.1,0.51,1.25,0.48,10.26,5.01,9.56,16.46,4.55,9.46,4.33,8.75,15.53,4.47,5.71,1.79,5.06,10.46,3.6,5.34,2.37,4.98,8.8,2.57,1.52,0.53,1.37,2.69,0.88,Mackenzie Holmes,mackenzie holmes,SEA,LVA,SEA @ LVA,2026-06-08,401856974,16.65,,,,,,,,,,,,,,,,,,,,,,,,,,,,,,,low
2026-06-08,makayla timpson,Makayla Timpson,IND,WAS,WAS,IND @ WAS,401856973,10000,,UNKNOWN,Low,LOW,15.84,15.75,7.91,15.77,23.81,6.1,2.9,,0.11,2.01,6.72,3.1,2.4,,0.67,2.13,4.42,1.55,0.67,,0.13,0.56,1.32,0.5,0.17,,0.05,0.15,0.31,0.11,0.49,,0.1,0.42,0.99,0.37,0.41,,0.01,0.27,0.96,0.45,5.97,2.31,5.23,10.57,3.59,5.31,1.73,4.59,9.86,3.53,3.57,0.7,2.7,7.45,3.16,3.07,1.21,2.8,5.26,1.66,0.9,0.26,0.78,1.68,0.6,Makayla Timpson,makayla timpson,IND,WAS,IND @ WAS,2026-06-08,401856973,15.75,,,,,,,,,,,,,,,,,,,,,,,,,,,,,,,low
2026-06-08,marine fauthoux,Marine Fauthoux,NYL,CON,CON,NYL @ CON,401856972,10000,,UNKNOWN,High,HIGH,25.25,25.24,22.09,25.24,28.45,2.48,0.32,,0.19,0.31,0.46,0.11,0.54,,0.4,0.54,0.69,0.11,0.37,,0.24,0.37,0.52,0.11,0.26,,0.13,0.25,0.39,0.11,0.26,,0.13,0.25,0.4,0.11,0.26,,0.13,0.24,0.4,0.11,1.24,0.99,1.23,1.49,0.2,0.86,0.66,0.85,1.07,0.16,0.69,0.5,0.68,0.9,0.15,0.92,0.72,0.91,1.13,0.16,0.51,0.33,0.5,0.71,0.15,Marine Fauthoux,marine fauthoux,NYL,CON,NYL @ CON,2026-06-08,401856972,25.24,,,,,,,,,,,,,,,,,,,,,,,,,,,,,,,high
2026-06-08,marine johannes,Marine Johannes,NYL,CON,CON,NYL @ CON,401856972,10000,,UNKNOWN,Low,LOW,26.62,26.67,19.78,26.69,33.51,5.3,11.08,,3.74,10.15,19.38,6.31,2.37,,1.32,2.3,3.55,0.88,3.93,,1.51,3.63,6.68,2.13,2.46,,0.58,2.16,4.65,1.71,1.35,,0.5,1.25,2.34,0.75,0.34,,0.05,0.28,0.69,0.28,17.38,9.31,16.54,26.33,6.83,13.45,5.98,12.53,21.93,6.41,15.0,7.15,14.13,23.85,6.73,6.3,3.59,6.02,9.33,2.32,1.69,0.76,1.57,2.76,0.8,Marine Johannes,marine johannes,NYL,CON,NYL @ CON,2026-06-08,401856972,26.67,,,,,,,,,,,,,,,,,,,,,,,,,,,,,,,low
2026-06-08,michaela onyenwere,Michaela Onyenwere,WAS,IND,IND,WAS vs IND,401856973,10000,,UNKNOWN,Medium,MEDIUM,23.34,23.25,16.95,23.35,29.64,4.94,10.25,,5.91,9.91,15.08,3.63,2.77,,0.82,2.5,5.01,1.7,1.42,,0.56,1.32,2.4,0.74,1.14,,0.35,1.04,2.05,0.69,0.69,,0.27,0.64,1.19,0.37,0.24,,0.11,0.22,0.38,0.11,14.44,9.37,14.09,19.98,4.18,13.02,8.13,12.67,18.39,4.07,11.67,7.16,11.34,16.64,3.74,4.19,1.98,3.95,6.64,1.88,0.93,0.47,0.88,1.45,0.39,Michaela Onyenwere,michaela onyenwere,WAS,IND,WAS vs IND,2026-06-08,401856973,23.25,,,,,,,,,,,,,,,,,,,,,,,,,,,,,,,medium
2026-06-08,monique billings,Monique Billings,IND,WAS,WAS,IND @ WAS,401856973,10000,,UNKNOWN,Low,LOW,16.59,15.94,6.03,16.38,27.23,7.94,8.43,,3.59,7.78,14.12,4.25,6.81,,3.05,6.4,11.11,3.2,2.28,,0.97,2.11,3.82,1.15,0.62,,0.18,0.55,1.16,0.4,1.43,,0.45,1.29,2.61,0.87,1.07,,0.36,0.96,1.91,0.63,17.51,10.02,16.93,25.77,6.19,15.23,8.33,14.6,22.99,5.82,10.71,5.33,10.13,16.87,4.6,9.09,4.78,8.69,13.87,3.6,2.5,1.15,2.33,4.08,1.16,Monique Billings,monique billings,IND,WAS,IND @ WAS,2026-06-08,401856973,15.94,,,,,,,,,,,,,,,,,,,,,,,,,,,,,,,low
2026-06-08,myisha hines-allen,Myisha Hines-Allen,IND,WAS,WAS,IND @ WAS,401856973,10000,,UNKNOWN,Low,LOW,17.58,17.48,10.86,17.59,24.33,5.29,2.76,,0.86,2.5,4.99,1.67,3.44,,1.07,3.05,6.29,2.11,2.46,,0.98,2.27,4.21,1.29,0.23,,0.02,0.18,0.5,0.21,0.87,,0.28,0.79,1.55,0.52,0.42,,0.05,0.34,0.87,0.35,8.66,4.9,8.33,12.71,3.14,6.19,2.97,5.86,9.88,2.76,5.22,2.67,4.96,8.12,2.18,5.9,2.95,5.55,9.27,2.53,1.29,0.55,1.2,2.15,0.64,Myisha Hines-Allen,myisha hines-allen,IND,WAS,IND @ WAS,2026-06-08,401856973,17.48,,,,,,,,,,,,,,,,,,,,,,,,,,,,,,,low
2026-06-08,nalyssa smith,NaLyssa Smith,LVA,SEA,SEA,LVA vs SEA,401856974,10000,,UNKNOWN,Medium,MEDIUM,22.91,22.85,16.71,22.91,29.09,4.82,13.66,,8.29,13.25,19.49,4.4,8.36,,5.58,8.22,11.3,2.23,1.51,,0.55,1.38,2.63,0.84,0.27,,0.04,0.23,0.54,0.21,0.87,,0.23,0.77,1.63,0.57,1.15,,0.51,1.08,1.85,0.54,23.54,17.03,23.17,30.48,5.24,22.03,15.69,21.67,28.83,5.12,15.17,9.72,14.77,21.17,4.52,9.87,6.86,9.72,13.05,2.43,2.02,1.08,1.92,3.09,0.81,NaLyssa Smith,nalyssa smith,LVA,SEA,LVA vs SEA,2026-06-08,401856974,22.85,,,,,,,,,,,,,,,,,,,,,,,,,,,,,,,medium
2026-06-08,natisha hiedeman,Natisha Hiedeman,SEA,LVA,LVA,SEA @ LVA,401856974,10000,,UNKNOWN,Medium,MEDIUM,26.07,26.08,22.23,26.06,29.85,2.96,13.21,,7.95,12.88,18.88,4.32,2.46,,1.54,2.4,3.44,0.75,3.91,,2.24,3.81,5.71,1.39,1.72,,0.56,1.55,3.04,1.02,0.96,,0.39,0.9,1.61,0.49,0.33,,0.04,0.27,0.67,0.27,19.58,13.84,19.3,25.61,4.63,15.66,10.26,15.34,21.39,4.4,17.12,11.54,16.83,23.01,4.56,6.37,4.43,6.26,8.45,1.58,1.29,0.63,1.21,2.05,0.56,Natisha Hiedeman,natisha hiedeman,SEA,LVA,SEA @ LVA,2026-06-08,401856974,26.08,,,,,,,,,,,,,,,,,,,,,,,,,,,,,,,medium
2026-06-08,nell angloma,Nell Angloma,CON,NYL,NYL,CON vs NYL,401856972,10000,,UNKNOWN,Low,LOW,13.46,12.44,4.26,13.02,23.06,7.12,6.28,,1.48,5.41,12.11,4.45,2.65,,0.48,2.16,5.37,2.1,0.78,,0.26,0.7,1.42,0.47,0.41,,0.08,0.34,0.83,0.31,1.01,,0.07,0.74,2.28,0.98,0.42,,0.06,0.33,0.9,0.36,9.71,3.89,8.84,16.5,5.19,8.93,3.26,8.07,15.62,5.09,7.06,2.14,6.18,13.02,4.54,3.43,1.13,2.95,6.31,2.2,1.43,0.35,1.18,2.84,1.07,Nell Angloma,nell angloma,CON,NYL,CON vs NYL,2026-06-08,401856972,12.44,,,,,,,,,,,,,,,,,,,,,,,,,,,,,,,low
2026-06-08,olivia nelson-ododa,Olivia Nelson-Ododa,CON,NYL,NYL,CON vs NYL,401856972,10000,,UNKNOWN,Medium,MEDIUM,16.95,16.96,11.27,16.94,22.58,4.4,4.6,,1.21,4.11,8.5,3.01,2.42,,0.82,2.22,4.23,1.39,2.07,,0.61,1.87,3.74,1.28,0.18,,0.06,0.16,0.32,0.11,0.71,,0.25,0.65,1.26,0.41,0.58,,0.06,0.46,1.22,0.51,9.08,4.78,8.61,14.0,3.67,7.02,3.18,6.54,11.42,3.37,6.66,2.86,6.18,11.14,3.32,4.49,2.22,4.24,7.05,1.92,1.29,0.56,1.19,2.16,0.66,Olivia Nelson-Ododa,olivia nelson-ododa,CON,NYL,CON vs NYL,2026-06-08,401856972,16.96,,,,,,,,,,,,,,,,,,,,,,,,,,,,,,,medium
2026-06-08,pauline astier,Pauline Astier,NYL,CON,CON,NYL @ CON,401856972,10000,,UNKNOWN,Low,LOW,25.19,25.25,17.99,25.24,32.38,5.53,10.88,,4.7,10.25,17.72,5.21,3.28,,1.44,3.1,5.36,1.55,3.26,,1.58,3.09,5.15,1.43,1.13,,0.33,1.01,2.07,0.72,0.88,,0.25,0.79,1.61,0.56,0.44,,0.03,0.34,0.96,0.44,17.42,10.44,16.87,25.17,5.78,14.16,7.59,13.55,21.45,5.5,14.14,7.57,13.54,21.36,5.48,6.54,3.96,6.33,9.44,2.16,1.32,0.5,1.2,2.27,0.73,Pauline Astier,pauline astier,NYL,CON,NYL @ CON,2026-06-08,401856972,25.25,,,,,,,,,,,,,,,,,,,,,,,,,,,,,,,low
2026-06-08,raegan beers,Raegan Beers,CON,NYL,NYL,CON vs NYL,401856972,10000,,UNKNOWN,Low,LOW,14.34,14.02,5.97,14.19,22.69,6.36,2.84,,0.55,2.4,5.79,2.13,3.03,,1.01,2.71,5.43,1.82,0.87,,0.14,0.72,1.79,0.69,0.22,,0.01,0.15,0.52,0.24,0.56,,0.06,0.43,1.24,0.51,0.16,,0.04,0.14,0.31,0.12,6.75,3.18,6.34,10.91,3.05,5.88,2.53,5.45,9.89,2.9,3.71,1.2,3.28,6.82,2.29,3.9,1.64,3.6,6.57,1.99,0.72,0.19,0.59,1.42,0.53,Raegan Beers,raegan beers,CON,NYL,CON vs NYL,2026-06-08,401856972,14.02,,,,,,,,,,,,,,,,,,,,,,,,,,,,,,,low
2026-06-08,raquel carrera,Raquel Carrera,NYL,CON,CON,NYL @ CON,401856972,10000,,UNKNOWN,High,HIGH,7.98,8.0,4.73,7.98,11.2,2.5,0.6,,0.39,0.59,0.84,0.18,0.46,,0.28,0.45,0.67,0.15,1.59,,0.85,1.52,2.42,0.62,0.2,,0.07,0.19,0.35,0.11,0.29,,0.14,0.27,0.45,0.12,0.11,,0.01,0.08,0.23,0.1,2.66,1.78,2.6,3.61,0.72,1.07,0.75,1.05,1.41,0.26,2.2,1.39,2.13,3.09,0.67,2.06,1.26,1.99,2.95,0.66,0.39,0.2,0.37,0.61,0.16,Raquel Carrera,raquel carrera,NYL,CON,NYL @ CON,2026-06-08,401856972,8.0,,,,,,,,,,,,,,,,,,,,,,,,,,,,,,,high
2026-06-08,raven johnson,Raven Johnson,IND,WAS,WAS,IND @ WAS,401856973,10000,,UNKNOWN,Low,LOW,16.41,16.32,7.5,16.34,25.29,6.85,5.05,,1.04,4.28,10.0,3.74,2.68,,1.38,2.55,4.14,1.1,2.21,,1.04,2.08,3.53,1.0,0.69,,0.15,0.59,1.38,0.51,0.82,,0.22,0.73,1.55,0.54,0.38,,0.04,0.3,0.83,0.34,9.94,5.12,9.23,15.62,4.3,7.73,3.35,7.01,12.99,4.01,7.26,2.89,6.51,12.56,3.99,4.89,2.91,4.78,7.03,1.63,1.21,0.47,1.1,2.1,0.66,Raven Johnson,raven johnson,IND,WAS,IND @ WAS,2026-06-08,401856973,16.32,,,,,,,,,,,,,,,,,,,,,,,,,,,,,,,low
2026-06-08,rebecca allen,Rebecca Allen,NYL,CON,CON,NYL @ CON,401856972,10000,,UNKNOWN,Medium,MEDIUM,13.05,12.12,4.36,12.62,22.26,6.76,2.64,,0.73,2.3,4.96,1.76,1.97,,0.38,1.62,3.96,1.53,0.97,,0.2,0.81,1.91,0.72,0.69,,0.17,0.59,1.36,0.49,0.55,,0.1,0.44,1.14,0.44,0.32,,0.02,0.23,0.73,0.31,5.58,2.54,5.2,9.09,2.66,4.61,1.84,4.24,7.83,2.45,3.61,1.4,3.29,6.27,1.98,2.93,1.03,2.58,5.31,1.76,0.87,0.27,0.76,1.61,0.55,Rebecca Allen,rebecca allen,NYL,CON,NYL @ CON,2026-06-08,401856972,12.12,,,,,,,,,,,,,,,,,,,,,,,,,,,,,,,medium
2026-06-08,rebekah gardner,Rebekah Gardner,NYL,CON,CON,NYL @ CON,401856972,10000,,UNKNOWN,Medium,MEDIUM,16.67,16.72,12.37,16.65,20.96,3.35,5.01,,1.58,4.57,8.95,3.0,1.89,,0.68,1.73,3.27,1.06,1.54,,0.25,1.29,3.11,1.21,0.67,,0.08,0.54,1.39,0.57,0.48,,0.12,0.42,0.9,0.33,0.28,,0.02,0.22,0.61,0.27,8.44,4.44,8.02,12.97,3.44,6.9,3.2,6.48,11.11,3.2,6.56,2.81,6.11,10.83,3.26,3.43,1.59,3.19,5.59,1.61,0.76,0.28,0.69,1.33,0.43,Rebekah Gardner,rebekah gardner,NYL,CON,NYL @ CON,2026-06-08,401856972,16.72,,,,,,,,,,,,,,,,,,,,,,,,,,,,,,,medium
2026-06-08,rori harmon,Rori Harmon,WAS,IND,IND,WAS vs IND,401856973,10000,,UNKNOWN,Low,LOW,11.59,8.87,2.69,10.72,21.51,7.15,1.07,,0.07,0.75,2.49,1.07,1.22,,0.16,0.94,2.61,1.08,1.71,,0.25,1.33,3.65,1.46,0.35,,0.02,0.24,0.83,0.37,0.94,,0.04,0.64,2.25,1.0,0.15,,0.01,0.11,0.34,0.14,3.99,1.46,3.6,7.04,2.3,2.29,0.61,1.95,4.45,1.58,2.78,0.77,2.4,5.26,1.89,2.92,0.88,2.52,5.48,1.92,1.09,0.16,0.8,2.42,1.02,Rori Harmon,rori harmon,WAS,IND,WAS vs IND,2026-06-08,401856973,8.87,,,,,,,,,,,,,,,,,,,,,,,,,,,,,,,low
2026-06-08,sabrina ionescu,Sabrina Ionescu,NYL,CON,CON,NYL @ CON,401856972,10000,,UNKNOWN,Medium,MEDIUM,30.85,30.86,27.69,30.83,34.06,2.48,16.43,,13.57,16.36,19.37,2.27,5.17,,3.35,5.06,7.13,1.49,5.92,,4.53,5.85,7.38,1.13,2.11,,1.51,2.09,2.74,0.49,1.5,,1.07,1.48,1.95,0.35,0.61,,0.33,0.59,0.93,0.24,27.52,23.69,27.46,31.43,3.03,21.6,18.16,21.5,25.16,2.75,22.36,19.14,22.27,25.75,2.58,11.09,8.71,11.0,13.56,1.9,2.11,1.58,2.08,2.67,0.43,Sabrina Ionescu,sabrina ionescu,NYL,CON,NYL @ CON,2026-06-08,401856972,30.86,,,,,,,,,,,,,,,,,,,,,,,,,,,,,,,medium
2026-06-08,saniya rivers,Saniya Rivers,CON,NYL,NYL,CON vs NYL,401856972,10000,,UNKNOWN,Low,LOW,23.6,23.58,16.68,23.61,30.66,5.43,6.28,,2.62,5.81,10.5,3.16,2.11,,1.0,2.0,3.36,0.95,3.2,,1.42,3.02,5.2,1.51,0.54,,0.07,0.44,1.12,0.45,1.15,,0.21,0.98,2.3,0.86,0.51,,0.12,0.45,0.99,0.36,11.59,7.22,11.16,16.57,3.76,8.39,4.53,7.95,12.8,3.35,9.48,5.3,9.03,14.18,3.57,5.31,3.13,5.13,7.74,1.83,1.67,0.62,1.5,2.91,0.94,Saniya Rivers,saniya rivers,CON,NYL,CON vs NYL,2026-06-08,401856972,23.58,,,,,,,,,,,,,,,,,,,,,,,,,,,,,,,low
2026-06-08,satou sabally,Satou Sabally,NYL,CON,CON,NYL @ CON,401856972,10000,,UNKNOWN,Medium,MEDIUM,15.9,15.5,6.15,15.78,25.74,7.47,10.59,,3.08,9.31,19.62,6.8,4.29,,1.84,4.0,7.1,2.11,1.86,,0.46,1.61,3.53,1.28,1.55,,0.35,1.31,3.01,1.12,0.83,,0.19,0.7,1.62,0.59,0.32,,0.06,0.27,0.66,0.25,16.74,7.94,15.62,26.72,7.71,14.89,6.47,13.69,24.64,7.43,12.45,4.52,11.22,21.77,7.06,6.15,3.07,5.83,9.68,2.61,1.15,0.42,1.03,2.04,0.66,Satou Sabally,satou sabally,NYL,CON,NYL @ CON,2026-06-08,401856972,15.5,,,,,,,,,,,,,,,,,,,,,,,,,,,,,,,medium
2026-06-08,shakira austin,Shakira Austin,WAS,IND,IND,WAS vs IND,401856973,10000,,UNKNOWN,Medium,MEDIUM,28.4,28.4,24.22,28.39,32.54,3.25,13.97,,9.94,13.77,18.23,3.26,7.43,,4.69,7.26,10.39,2.26,2.39,,0.91,2.22,4.09,1.27,0.37,,0.05,0.3,0.76,0.32,0.93,,0.14,0.79,1.87,0.74,1.17,,0.34,1.06,2.11,0.73,23.78,18.48,23.55,29.42,4.26,21.39,16.44,21.21,26.64,4.02,16.36,12.01,16.16,20.99,3.54,9.82,6.65,9.62,13.29,2.61,2.1,0.9,1.95,3.47,1.05,Shakira Austin,shakira austin,WAS,IND,WAS vs IND,2026-06-08,401856973,28.4,,,,,,,,,,,,,,,,,,,,,,,,,,,,,,,medium
2026-06-08,shatori walker-kimbrough,Shatori Walker-Kimbrough,IND,WAS,WAS,IND @ WAS,401856973,10000,,UNKNOWN,High,HIGH,7.99,8.0,4.84,7.99,11.14,2.47,0.11,,0.01,0.08,0.23,0.1,0.49,,0.3,0.47,0.69,0.15,0.43,,0.26,0.42,0.63,0.15,0.17,,0.05,0.15,0.31,0.11,0.3,,0.16,0.29,0.47,0.13,0.11,,0.01,0.08,0.23,0.1,1.03,0.71,1.01,1.37,0.26,0.6,0.37,0.58,0.84,0.19,0.54,0.33,0.52,0.78,0.18,0.92,0.64,0.9,1.22,0.23,0.41,0.22,0.39,0.63,0.17,Shatori Walker-Kimbrough,shatori walker-kimbrough,IND,WAS,IND @ WAS,2026-06-08,401856973,8.0,,,,,,,,,,,,,,,,,,,,,,,,,,,,,,,high
2026-06-08,shey peddy,Shey Peddy,CON,NYL,NYL,CON vs NYL,401856972,10000,,UNKNOWN,High,HIGH,23.63,23.63,20.4,23.62,26.82,2.52,6.16,,5.15,6.12,7.21,0.82,2.75,,2.29,2.74,3.22,0.36,1.87,,1.55,1.86,2.2,0.25,0.66,,0.52,0.66,0.81,0.12,0.73,,0.58,0.73,0.89,0.12,0.36,,0.23,0.36,0.51,0.11,10.77,9.52,10.74,12.08,1.01,8.91,7.74,8.87,10.13,0.93,8.03,6.92,7.99,9.16,0.89,4.61,4.03,4.6,5.23,0.47,1.1,0.89,1.09,1.32,0.17,Shey Peddy,shey peddy,CON,NYL,CON vs NYL,2026-06-08,401856972,23.63,,,,,,,,,,,,,,,,,,,,,,,,,,,,,,,high
2026-06-08,sonia citron,Sonia Citron,WAS,IND,IND,WAS vs IND,401856973,10000,,UNKNOWN,Medium,MEDIUM,31.85,31.93,27.34,31.9,36.4,3.5,15.37,,8.56,14.87,22.82,5.65,3.6,,2.09,3.49,5.26,1.26,2.82,,0.92,2.57,5.02,1.67,1.32,,0.47,1.22,2.27,0.73,1.34,,0.74,1.3,2.0,0.5,0.66,,0.15,0.58,1.26,0.46,21.79,14.47,21.38,29.78,6.09,18.97,11.9,18.51,26.62,5.82,18.2,11.11,17.74,25.96,5.93,6.42,3.95,6.22,9.12,2.08,2.01,1.2,1.94,2.89,0.68,Sonia Citron,sonia citron,WAS,IND,WAS vs IND,2026-06-08,401856973,31.93,,,,,,,,,,,,,,,,,,,,,,,,,,,,,,,medium
2026-06-08,sophie cunningham,Sophie Cunningham,IND,WAS,WAS,IND @ WAS,401856973,10000,,UNKNOWN,Low,LOW,22.53,22.43,14.8,22.54,30.18,5.9,6.13,,1.74,5.45,11.29,3.9,2.19,,0.64,1.97,3.99,1.36,1.76,,0.64,1.62,3.04,0.97,1.04,,0.39,0.96,1.8,0.56,0.81,,0.25,0.74,1.47,0.49,0.27,,0.04,0.22,0.55,0.22,10.08,5.08,9.47,15.77,4.34,8.31,3.5,7.69,13.9,4.18,7.89,3.34,7.22,13.2,4.06,3.95,1.96,3.73,6.22,1.69,1.08,0.46,1.0,1.81,0.54,Sophie Cunningham,sophie cunningham,IND,WAS,IND @ WAS,2026-06-08,401856973,22.43,,,,,,,,,,,,,,,,,,,,,,,,,,,,,,,low
2026-06-08,stefanie dolson,Stefanie Dolson,SEA,LVA,LVA,SEA @ LVA,401856974,10000,,UNKNOWN,Medium,MEDIUM,21.61,21.62,17.23,21.62,26.0,3.39,5.64,,1.31,5.02,10.78,3.83,3.23,,2.29,3.18,4.23,0.77,1.52,,0.52,1.4,2.68,0.87,0.68,,0.09,0.57,1.39,0.56,0.73,,0.19,0.65,1.35,0.48,0.97,,0.26,0.86,1.82,0.64,10.4,5.82,9.78,15.78,4.06,8.87,4.45,8.23,14.12,3.94,7.17,2.71,6.56,12.41,3.95,4.76,3.33,4.65,6.3,1.19,1.7,0.77,1.59,2.77,0.8,Stefanie Dolson,stefanie dolson,SEA,LVA,SEA @ LVA,2026-06-08,401856974,21.62,,,,,,,,,,,,,,,,,,,,,,,,,,,,,,,medium
2026-06-08,stephanie talbot,Stephanie Talbot,LVA,SEA,SEA,LVA vs SEA,401856974,10000,,UNKNOWN,Medium,MEDIUM,20.51,20.53,11.34,20.65,29.6,7.03,4.81,,1.69,4.39,8.5,2.77,3.42,,1.44,3.19,5.71,1.7,1.49,,0.39,1.31,2.83,1.0,0.64,,0.05,0.49,1.38,0.6,0.83,,0.12,0.67,1.73,0.69,0.47,,0.03,0.36,1.04,0.45,9.73,5.5,9.31,14.49,3.56,8.23,4.32,7.81,12.75,3.35,6.31,2.89,5.88,10.31,2.97,4.91,2.51,4.66,7.64,2.03,1.3,0.4,1.15,2.39,0.83,Stephanie Talbot,stephanie talbot,LVA,SEA,LVA vs SEA,2026-06-08,401856974,20.53,,,,,,,,,,,,,,,,,,,,,,,,,,,,,,,medium
2026-06-08,taina mair,Taina Mair,SEA,LVA,LVA,SEA @ LVA,401856974,10000,,UNKNOWN,High,HIGH,7.96,8.0,4.82,7.95,11.11,2.46,0.15,,0.04,0.13,0.29,0.1,0.49,,0.31,0.48,0.7,0.16,1.07,,0.74,1.05,1.42,0.27,0.15,,0.04,0.14,0.3,0.11,0.25,,0.11,0.23,0.4,0.12,0.11,,0.01,0.09,0.24,0.1,1.71,1.25,1.7,2.2,0.37,0.64,0.41,0.63,0.9,0.19,1.22,0.85,1.2,1.6,0.3,1.56,1.14,1.55,2.01,0.34,0.36,0.17,0.33,0.56,0.16,Taina Mair,taina mair,SEA,LVA,SEA @ LVA,2026-06-08,401856974,8.0,,,,,,,,,,,,,,,,,,,,,,,,,,,,,,,high
2026-06-08,taylor thierry,Taylor Thierry,SEA,LVA,LVA,SEA @ LVA,401856974,10000,,UNKNOWN,Medium,MEDIUM,11.58,11.59,7.03,11.61,16.12,3.55,2.89,,0.2,2.2,6.38,2.81,1.41,,0.72,1.34,2.2,0.59,0.13,,0.03,0.11,0.27,0.1,1.05,,0.1,0.83,2.24,0.93,0.17,,0.05,0.16,0.31,0.1,0.13,,0.02,0.12,0.27,0.1,4.43,1.63,3.71,8.1,2.9,4.29,1.5,3.59,7.94,2.89,3.02,0.34,2.33,6.53,2.81,1.54,0.83,1.47,2.35,0.61,0.31,0.13,0.29,0.5,0.15,Taylor Thierry,taylor thierry,SEA,LVA,SEA @ LVA,2026-06-08,401856974,11.59,,,,,,,,,,,,,,,,,,,,,,,,,,,,,,,medium
2026-06-08,tyasha harris,Tyasha Harris,IND,WAS,WAS,IND @ WAS,401856973,10000,,UNKNOWN,Low,LOW,15.14,14.13,4.98,14.74,25.69,7.84,2.73,,0.44,2.24,5.69,2.21,1.7,,0.35,1.41,3.44,1.28,2.53,,0.45,2.09,5.17,1.97,0.54,,0.11,0.46,1.09,0.41,0.81,,0.16,0.68,1.62,0.62,0.25,,0.01,0.17,0.58,0.26,6.97,2.99,6.45,11.6,3.48,4.44,1.51,3.99,7.99,2.64,5.27,1.8,4.76,9.4,3.08,4.24,1.49,3.81,7.59,2.46,1.06,0.31,0.92,1.96,0.69,Tyasha Harris,tyasha harris,IND,WAS,IND @ WAS,2026-06-08,401856973,14.13,,,,,,,,,,,,,,,,,,,,,,,,,,,,,,,low
2026-06-08,zia cooke,Zia Cooke,SEA,LVA,LVA,SEA @ LVA,401856974,10000,,UNKNOWN,Medium,MEDIUM,16.92,16.91,11.72,16.89,22.09,4.08,6.05,,1.15,5.14,12.02,4.55,1.56,,0.34,1.35,3.02,1.11,1.1,,0.17,0.92,2.21,0.87,0.72,,0.1,0.59,1.48,0.6,0.47,,0.09,0.4,0.92,0.35,0.18,,0.06,0.16,0.32,0.1,8.71,3.46,7.85,14.97,4.82,7.61,2.5,6.72,13.84,4.74,7.15,2.17,6.27,13.24,4.64,2.66,1.05,2.43,4.54,1.41,0.65,0.25,0.58,1.13,0.37,Zia Cooke,zia cooke,SEA,LVA,SEA @ LVA,2026-06-08,401856974,16.91,,,,,,,,,,,,,,,,,,,,,,,,,,,,,,,medium
