slate_date,game_date,player_name,player_id,player_key,team,opponent,projected_minutes,source_file,reason,candidate_actual_rows,created_at_utc
2025-07-05,2025-07-05,A'ja Wilson,a'ja wilson,a'ja wilson,LVA,NYL,36.35,/home/ubuntu/EdgeRanked/sports/wnba/outputs/archive/projections/wnba_projections_20250705.csv,no_safe_player_match,0,2026-06-09T11:30:41Z
2025-07-05,2025-07-05,Aliyah Boston,aliyah boston,aliyah boston,IND,CON,30.13,/home/ubuntu/EdgeRanked/sports/wnba/outputs/archive/projections/wnba_projections_20250705.csv,no_safe_player_match,0,2026-06-09T11:30:41Z
2025-07-05,2025-07-05,Alysha Clark,alysha clark,alysha clark,LVA,NYL,26.22,/home/ubuntu/EdgeRanked/sports/wnba/outputs/archive/projections/wnba_projections_20250705.csv,no_safe_player_match,0,2026-06-09T11:30:41Z
2025-07-05,2025-07-05,Alyssa Thomas,alyssa thomas,alyssa thomas,CON,IND,34.07,/home/ubuntu/EdgeRanked/sports/wnba/outputs/archive/projections/wnba_projections_20250705.csv,no_safe_player_match,0,2026-06-09T11:30:41Z
2025-07-05,2025-07-05,Betnijah Laney-Hamilton,betnijah laney-hamilton,betnijah laney-hamilton,NYL,LVA,28.36,/home/ubuntu/EdgeRanked/sports/wnba/outputs/archive/projections/wnba_projections_20250705.csv,no_safe_player_match,0,2026-06-09T11:30:41Z
2025-07-05,2025-07-05,Breanna Stewart,breanna stewart,breanna stewart,NYL,LVA,34.45,/home/ubuntu/EdgeRanked/sports/wnba/outputs/archive/projections/wnba_projections_20250705.csv,no_safe_player_match,0,2026-06-09T11:30:41Z
2025-07-05,2025-07-05,Brionna Jones,brionna jones,brionna jones,CON,IND,28.92,/home/ubuntu/EdgeRanked/sports/wnba/outputs/archive/projections/wnba_projections_20250705.csv,no_safe_player_match,0,2026-06-09T11:30:41Z
2025-07-05,2025-07-05,Caitlin Clark,caitlin clark,caitlin clark,IND,CON,34.6,/home/ubuntu/EdgeRanked/sports/wnba/outputs/archive/projections/wnba_projections_20250705.csv,no_safe_player_match,0,2026-06-09T11:30:41Z
2025-07-05,2025-07-05,Chelsea Gray,chelsea gray,chelsea gray,LVA,NYL,32.14,/home/ubuntu/EdgeRanked/sports/wnba/outputs/archive/projections/wnba_projections_20250705.csv,no_safe_player_match,0,2026-06-09T11:30:41Z
2025-07-05,2025-07-05,Courtney Vandersloot,courtney vandersloot,courtney vandersloot,NYL,LVA,26.39,/home/ubuntu/EdgeRanked/sports/wnba/outputs/archive/projections/wnba_projections_20250705.csv,no_safe_player_match,0,2026-06-09T11:30:41Z
2025-07-05,2025-07-05,DeWanna Bonner,dewanna bonner,dewanna bonner,CON,IND,31.09,/home/ubuntu/EdgeRanked/sports/wnba/outputs/archive/projections/wnba_projections_20250705.csv,no_safe_player_match,0,2026-06-09T11:30:41Z
2025-07-05,2025-07-05,DiJonai Carrington,dijonai carrington,dijonai carrington,CON,IND,29.69,/home/ubuntu/EdgeRanked/sports/wnba/outputs/archive/projections/wnba_projections_20250705.csv,no_safe_player_match,0,2026-06-09T11:30:41Z
2025-07-05,2025-07-05,Erica Wheeler,erica wheeler,erica wheeler,IND,CON,23.49,/home/ubuntu/EdgeRanked/sports/wnba/outputs/archive/projections/wnba_projections_20250705.csv,no_safe_player_match,0,2026-06-09T11:30:41Z
2025-07-05,2025-07-05,Jackie Young,jackie young,jackie young,LVA,NYL,33.83,/home/ubuntu/EdgeRanked/sports/wnba/outputs/archive/projections/wnba_projections_20250705.csv,no_safe_player_match,0,2026-06-09T11:30:41Z
2025-07-05,2025-07-05,Jonquel Jones,jonquel jones,jonquel jones,NYL,LVA,30.9,/home/ubuntu/EdgeRanked/sports/wnba/outputs/archive/projections/wnba_projections_20250705.csv,no_safe_player_match,0,2026-06-09T11:30:41Z
2025-07-05,2025-07-05,Kelsey Mitchell,kelsey mitchell,kelsey mitchell,IND,CON,31.6,/home/ubuntu/EdgeRanked/sports/wnba/outputs/archive/projections/wnba_projections_20250705.csv,no_safe_player_match,0,2026-06-09T11:30:41Z
2025-07-05,2025-07-05,Kelsey Plum,kelsey plum,kelsey plum,LVA,NYL,32.98,/home/ubuntu/EdgeRanked/sports/wnba/outputs/archive/projections/wnba_projections_20250705.csv,no_safe_player_match,0,2026-06-09T11:30:41Z
2025-07-05,2025-07-05,Marina Mabrey,marina mabrey,marina mabrey,CON,IND,30.06,/home/ubuntu/EdgeRanked/sports/wnba/outputs/archive/projections/wnba_projections_20250705.csv,no_safe_player_match,0,2026-06-09T11:30:41Z
2025-07-05,2025-07-05,NaLyssa Smith,nalyssa smith,nalyssa smith,IND,CON,27.17,/home/ubuntu/EdgeRanked/sports/wnba/outputs/archive/projections/wnba_projections_20250705.csv,no_safe_player_match,0,2026-06-09T11:30:41Z
2025-07-05,2025-07-05,Sabrina Ionescu,sabrina ionescu,sabrina ionescu,NYL,LVA,32.37,/home/ubuntu/EdgeRanked/sports/wnba/outputs/archive/projections/wnba_projections_20250705.csv,no_safe_player_match,0,2026-06-09T11:30:41Z
2026-03-31,2026-03-31,A'ja Wilson,a'ja wilson,a'ja wilson,LVA,NYL,36.22,/home/ubuntu/EdgeRanked/sports/wnba/outputs/archive/projections/wnba_projections_20260331.csv,no_actual_rows_for_game_date,0,2026-06-09T11:30:41Z
2026-03-31,2026-03-31,Aliyah Boston,aliyah boston,aliyah boston,IND,CON,30.09,/home/ubuntu/EdgeRanked/sports/wnba/outputs/archive/projections/wnba_projections_20260331.csv,no_actual_rows_for_game_date,0,2026-06-09T11:30:41Z
2026-03-31,2026-03-31,Alysha Clark,alysha clark,alysha clark,LVA,NYL,26.16,/home/ubuntu/EdgeRanked/sports/wnba/outputs/archive/projections/wnba_projections_20260331.csv,no_actual_rows_for_game_date,0,2026-06-09T11:30:41Z
2026-03-31,2026-03-31,Alyssa Thomas,alyssa thomas,alyssa thomas,CON,IND,34.01,/home/ubuntu/EdgeRanked/sports/wnba/outputs/archive/projections/wnba_projections_20260331.csv,no_actual_rows_for_game_date,0,2026-06-09T11:30:41Z
2026-03-31,2026-03-31,Betnijah Laney-Hamilton,betnijah laney-hamilton,betnijah laney-hamilton,NYL,LVA,28.31,/home/ubuntu/EdgeRanked/sports/wnba/outputs/archive/projections/wnba_projections_20260331.csv,no_actual_rows_for_game_date,0,2026-06-09T11:30:41Z
2026-03-31,2026-03-31,Breanna Stewart,breanna stewart,breanna stewart,NYL,LVA,34.52,/home/ubuntu/EdgeRanked/sports/wnba/outputs/archive/projections/wnba_projections_20260331.csv,no_actual_rows_for_game_date,0,2026-06-09T11:30:41Z
2026-03-31,2026-03-31,Brionna Jones,brionna jones,brionna jones,CON,IND,29.0,/home/ubuntu/EdgeRanked/sports/wnba/outputs/archive/projections/wnba_projections_20260331.csv,no_actual_rows_for_game_date,0,2026-06-09T11:30:41Z
2026-03-31,2026-03-31,Caitlin Clark,caitlin clark,caitlin clark,IND,CON,34.55,/home/ubuntu/EdgeRanked/sports/wnba/outputs/archive/projections/wnba_projections_20260331.csv,no_actual_rows_for_game_date,0,2026-06-09T11:30:41Z
2026-03-31,2026-03-31,Chelsea Gray,chelsea gray,chelsea gray,LVA,NYL,32.21,/home/ubuntu/EdgeRanked/sports/wnba/outputs/archive/projections/wnba_projections_20260331.csv,no_actual_rows_for_game_date,0,2026-06-09T11:30:41Z
2026-03-31,2026-03-31,Courtney Vandersloot,courtney vandersloot,courtney vandersloot,NYL,LVA,26.3,/home/ubuntu/EdgeRanked/sports/wnba/outputs/archive/projections/wnba_projections_20260331.csv,no_actual_rows_for_game_date,0,2026-06-09T11:30:41Z
2026-03-31,2026-03-31,DeWanna Bonner,dewanna bonner,dewanna bonner,CON,IND,31.18,/home/ubuntu/EdgeRanked/sports/wnba/outputs/archive/projections/wnba_projections_20260331.csv,no_actual_rows_for_game_date,0,2026-06-09T11:30:41Z
2026-03-31,2026-03-31,DiJonai Carrington,dijonai carrington,dijonai carrington,CON,IND,29.73,/home/ubuntu/EdgeRanked/sports/wnba/outputs/archive/projections/wnba_projections_20260331.csv,no_actual_rows_for_game_date,0,2026-06-09T11:30:41Z
2026-03-31,2026-03-31,Erica Wheeler,erica wheeler,erica wheeler,IND,CON,23.55,/home/ubuntu/EdgeRanked/sports/wnba/outputs/archive/projections/wnba_projections_20260331.csv,no_actual_rows_for_game_date,0,2026-06-09T11:30:41Z
2026-03-31,2026-03-31,Jackie Young,jackie young,jackie young,LVA,NYL,33.55,/home/ubuntu/EdgeRanked/sports/wnba/outputs/archive/projections/wnba_projections_20260331.csv,no_actual_rows_for_game_date,0,2026-06-09T11:30:41Z
2026-03-31,2026-03-31,Jonquel Jones,jonquel jones,jonquel jones,NYL,LVA,30.92,/home/ubuntu/EdgeRanked/sports/wnba/outputs/archive/projections/wnba_projections_20260331.csv,no_actual_rows_for_game_date,0,2026-06-09T11:30:41Z
2026-03-31,2026-03-31,Kelsey Mitchell,kelsey mitchell,kelsey mitchell,IND,CON,31.67,/home/ubuntu/EdgeRanked/sports/wnba/outputs/archive/projections/wnba_projections_20260331.csv,no_actual_rows_for_game_date,0,2026-06-09T11:30:41Z
2026-03-31,2026-03-31,Kelsey Plum,kelsey plum,kelsey plum,LVA,NYL,32.89,/home/ubuntu/EdgeRanked/sports/wnba/outputs/archive/projections/wnba_projections_20260331.csv,no_actual_rows_for_game_date,0,2026-06-09T11:30:41Z
2026-03-31,2026-03-31,Marina Mabrey,marina mabrey,marina mabrey,CON,IND,29.97,/home/ubuntu/EdgeRanked/sports/wnba/outputs/archive/projections/wnba_projections_20260331.csv,no_actual_rows_for_game_date,0,2026-06-09T11:30:41Z
2026-03-31,2026-03-31,NaLyssa Smith,nalyssa smith,nalyssa smith,IND,CON,27.1,/home/ubuntu/EdgeRanked/sports/wnba/outputs/archive/projections/wnba_projections_20260331.csv,no_actual_rows_for_game_date,0,2026-06-09T11:30:41Z
2026-03-31,2026-03-31,Sabrina Ionescu,sabrina ionescu,sabrina ionescu,NYL,LVA,32.44,/home/ubuntu/EdgeRanked/sports/wnba/outputs/archive/projections/wnba_projections_20260331.csv,no_actual_rows_for_game_date,0,2026-06-09T11:30:41Z
2026-05-08,2026-05-08,Janelle Salaün,janelle salaün,janelle salaün,GSV,SEA,25.36,/home/ubuntu/EdgeRanked/sports/wnba/outputs/archive/projections/wnba_projections_20260508.csv,no_safe_player_match,0,2026-06-09T11:30:41Z
2026-05-08,2026-05-08,Temi Fágbénlé,temi fágbénlé,temi fágbénlé,TOR,WAS,21.84,/home/ubuntu/EdgeRanked/sports/wnba/outputs/archive/projections/wnba_projections_20260508.csv,no_safe_player_match,0,2026-06-09T11:30:41Z
2026-05-09,2026-05-09,Luisa Geiselsöder,luisa geiselsöder,luisa geiselsöder,POR,CHI,22.08,/home/ubuntu/EdgeRanked/sports/wnba/outputs/archive/projections/wnba_projections_20260509.csv,no_safe_player_match,0,2026-06-09T11:30:41Z
2026-05-09,2026-05-09,Monique Billings,monique billings,monique billings,IND,DAL,21.34,/home/ubuntu/EdgeRanked/sports/wnba/outputs/archive/projections/wnba_projections_20260509.csv,missing_projected_or_actual_minutes,1,2026-06-09T11:30:41Z
2026-05-10,2026-05-10,Janelle Salaün,janelle salaün,janelle salaün,GSV,PHX,25.55,/home/ubuntu/EdgeRanked/sports/wnba/outputs/archive/projections/wnba_projections_20260510.csv,no_safe_player_match,0,2026-06-09T11:30:41Z
2026-05-12,2026-05-12,Luisa Geiselsöder,luisa geiselsöder,luisa geiselsöder,POR,NYL,21.53,/home/ubuntu/EdgeRanked/sports/wnba/outputs/archive/projections/wnba_projections_20260512.csv,no_safe_player_match,0,2026-06-09T11:30:41Z
2026-05-13,2026-05-13,Janelle Salaün,janelle salaün,janelle salaün,GSV,CHI,27.06,/home/ubuntu/EdgeRanked/sports/wnba/outputs/archive/projections/wnba_projections_20260513.csv,no_safe_player_match,0,2026-06-09T11:30:41Z
2026-05-14,2026-05-14,Carla Leite,carla leite,carla leite,POR,NYL,13.37,/home/ubuntu/EdgeRanked/sports/wnba/outputs/archive/projections/wnba_projections_20260514.csv,no_safe_player_match,0,2026-06-09T11:30:41Z
2026-05-14,2026-05-14,Luisa Geiselsöder,luisa geiselsöder,luisa geiselsöder,POR,NYL,21.05,/home/ubuntu/EdgeRanked/sports/wnba/outputs/archive/projections/wnba_projections_20260514.csv,no_safe_player_match,0,2026-06-09T11:30:41Z
2026-05-17,2026-05-17,Aliyah Boston,aliyah boston,aliyah boston,IND,SEA,29.44,/home/ubuntu/EdgeRanked/sports/wnba/outputs/archive/projections/wnba_projections_20260517.csv,missing_projected_or_actual_minutes,1,2026-06-09T11:30:41Z
2026-05-17,2026-05-17,Skylar Diggins,skylar diggins,skylar diggins,CHI,MIN,31.81,/home/ubuntu/EdgeRanked/sports/wnba/outputs/archive/projections/wnba_projections_20260517.csv,missing_projected_or_actual_minutes,1,2026-06-09T11:30:41Z
2026-05-18,2026-05-18,Carla Leite,carla leite,carla leite,POR,CON,13.63,/home/ubuntu/EdgeRanked/sports/wnba/outputs/archive/projections/wnba_projections_20260518.csv,no_safe_player_match,0,2026-06-09T11:30:41Z
2026-05-18,2026-05-18,Luisa Geiselsöder,luisa geiselsöder,luisa geiselsöder,POR,CON,21.9,/home/ubuntu/EdgeRanked/sports/wnba/outputs/archive/projections/wnba_projections_20260518.csv,no_safe_player_match,0,2026-06-09T11:30:41Z
2026-05-20,2026-05-20,Brittney Griner,brittney griner,brittney griner,CON,SEA,18.75,/home/ubuntu/EdgeRanked/sports/wnba/outputs/archive/projections/wnba_projections_20260520.csv,missing_projected_or_actual_minutes,1,2026-06-09T11:30:41Z
2026-05-20,2026-05-20,Luisa Geiselsöder,luisa geiselsöder,luisa geiselsöder,POR,IND,22.49,/home/ubuntu/EdgeRanked/sports/wnba/outputs/archive/projections/wnba_projections_20260520.csv,no_safe_player_match,0,2026-06-09T11:30:41Z
2026-05-21,2026-05-21,Janelle Salaün,janelle salaün,janelle salaün,GSV,NYL,26.09,/home/ubuntu/EdgeRanked/sports/wnba/outputs/archive/projections/wnba_projections_20260521.csv,no_safe_player_match,0,2026-06-09T11:30:41Z
2026-05-22,2026-05-22,Brittney Griner,brittney griner,brittney griner,CON,SEA,18.28,/home/ubuntu/EdgeRanked/sports/wnba/outputs/archive/projections/wnba_projections_20260522.csv,missing_projected_or_actual_minutes,1,2026-06-09T11:30:41Z
2026-05-22,2026-05-22,Janelle Salaün,janelle salaün,janelle salaün,GSV,IND,26.58,/home/ubuntu/EdgeRanked/sports/wnba/outputs/archive/projections/wnba_projections_20260522.csv,no_safe_player_match,0,2026-06-09T11:30:41Z
2026-05-23,2026-05-23,Alysha Clark,alysha clark,alysha clark,LVA,LAS,24.29,/home/ubuntu/EdgeRanked/sports/wnba/outputs/archive/projections/wnba_projections_20260523.csv,no_safe_player_match,0,2026-06-09T11:30:41Z
2026-05-23,2026-05-23,Haley Jones,haley jones,haley jones,POR,TOR,24.77,/home/ubuntu/EdgeRanked/sports/wnba/outputs/archive/projections/wnba_projections_20260523.csv,no_safe_player_match,0,2026-06-09T11:30:41Z
2026-05-23,2026-05-23,Julie Allemand,julie allemand,julie allemand,TOR,POR,27.8,/home/ubuntu/EdgeRanked/sports/wnba/outputs/archive/projections/wnba_projections_20260523.csv,missing_projected_or_actual_minutes,1,2026-06-09T11:30:41Z
2026-05-23,2026-05-23,Karlie Samuelson,karlie samuelson,karlie samuelson,POR,TOR,13.09,/home/ubuntu/EdgeRanked/sports/wnba/outputs/archive/projections/wnba_projections_20260523.csv,missing_projected_or_actual_minutes,1,2026-06-09T11:30:41Z
2026-05-23,2026-05-23,Luisa Geiselsöder,luisa geiselsöder,luisa geiselsöder,POR,TOR,21.95,/home/ubuntu/EdgeRanked/sports/wnba/outputs/archive/projections/wnba_projections_20260523.csv,no_safe_player_match,0,2026-06-09T11:30:41Z
2026-05-23,2026-05-23,Nneka Ogwumike,nneka ogwumike,nneka ogwumike,LAS,LVA,29.47,/home/ubuntu/EdgeRanked/sports/wnba/outputs/archive/projections/wnba_projections_20260523.csv,no_safe_player_match,0,2026-06-09T11:30:41Z
2026-05-23,2026-05-23,Rickea Jackson,rickea jackson,rickea jackson,CHI,MIN,29.67,/home/ubuntu/EdgeRanked/sports/wnba/outputs/archive/projections/wnba_projections_20260523.csv,missing_projected_or_actual_minutes,1,2026-06-09T11:30:41Z
2026-05-23,2026-05-23,Temi Fágbénlé,temi fágbénlé,temi fágbénlé,TOR,POR,21.71,/home/ubuntu/EdgeRanked/sports/wnba/outputs/archive/projections/wnba_projections_20260523.csv,no_safe_player_match,0,2026-06-09T11:30:41Z
2026-05-24,2026-05-24,Betnijah Laney-Hamilton,betnijah laney-hamilton,betnijah laney-hamilton,NYL,DAL,27.84,/home/ubuntu/EdgeRanked/sports/wnba/outputs/archive/projections/wnba_projections_20260524.csv,no_safe_player_match,0,2026-06-09T11:30:41Z
2026-05-24,2026-05-24,Courtney Vandersloot,courtney vandersloot,courtney vandersloot,NYL,DAL,26.41,/home/ubuntu/EdgeRanked/sports/wnba/outputs/archive/projections/wnba_projections_20260524.csv,no_safe_player_match,0,2026-06-09T11:30:41Z
2026-05-24,2026-05-24,Dominique Malonga,dominique malonga,dominique malonga,SEA,WAS,16.15,/home/ubuntu/EdgeRanked/sports/wnba/outputs/archive/projections/wnba_projections_20260524.csv,missing_projected_or_actual_minutes,1,2026-06-09T11:30:41Z
2026-05-25,2026-05-25,Janelle Salaün,janelle salaün,janelle salaün,GSV,CON,26.11,/home/ubuntu/EdgeRanked/sports/wnba/outputs/archive/projections/wnba_projections_20260525.csv,no_safe_player_match,0,2026-06-09T11:30:41Z
2026-05-25,2026-05-25,Sabrina Ionescu,sabrina ionescu,sabrina ionescu,NYL,POR,30.88,/home/ubuntu/EdgeRanked/sports/wnba/outputs/archive/projections/wnba_projections_20260525.csv,no_safe_player_match,0,2026-06-09T11:30:41Z
2026-05-28,2026-05-28,Janelle Salaün,janelle salaün,janelle salaün,GSV,IND,26.89,/home/ubuntu/EdgeRanked/sports/wnba/outputs/archive/projections/wnba_projections_20260528.csv,no_safe_player_match,0,2026-06-09T11:30:41Z
2026-05-29,2026-05-29,Bridget Carleton,bridget carleton,bridget carleton,POR,ATL,25.22,/home/ubuntu/EdgeRanked/sports/wnba/outputs/archive/projections/wnba_projections_20260529.csv,missing_projected_or_actual_minutes,1,2026-06-09T11:30:41Z
2026-05-31,2026-05-31,Alysha Clark,alysha clark,alysha clark,LVA,GSV,24.39,/home/ubuntu/EdgeRanked/sports/wnba/outputs/archive/projections/wnba_projections_20260531.csv,no_safe_player_match,0,2026-06-09T11:30:41Z
2026-05-31,2026-05-31,Janelle Salaün,janelle salaün,janelle salaün,GSV,LVA,25.96,/home/ubuntu/EdgeRanked/sports/wnba/outputs/archive/projections/wnba_projections_20260531.csv,no_safe_player_match,0,2026-06-09T11:30:41Z
2026-05-31,2026-05-31,Jewell Loyd,jewell loyd,jewell loyd,LVA,GSV,27.05,/home/ubuntu/EdgeRanked/sports/wnba/outputs/archive/projections/wnba_projections_20260531.csv,no_safe_player_match,0,2026-06-09T11:30:41Z
2026-05-31,2026-05-31,Kelsey Plum,kelsey plum,kelsey plum,LVA,GSV,32.07,/home/ubuntu/EdgeRanked/sports/wnba/outputs/archive/projections/wnba_projections_20260531.csv,no_safe_player_match,0,2026-06-09T11:30:41Z
2026-06-02,2026-06-02,Azurá Stevens,azurá stevens,azurá stevens,CHI,WAS,27.23,/home/ubuntu/EdgeRanked/sports/wnba/outputs/archive/projections/wnba_projections_20260602.csv,no_safe_player_match,0,2026-06-09T11:30:41Z
2026-06-02,2026-06-02,Chennedy Carter,chennedy carter,chennedy carter,LVA,LAS,28.31,/home/ubuntu/EdgeRanked/sports/wnba/outputs/archive/projections/wnba_projections_20260602.csv,no_safe_player_match,0,2026-06-09T11:30:41Z
2026-06-02,2026-06-02,Janelle Salaün,janelle salaün,janelle salaün,GSV,POR,26.25,/home/ubuntu/EdgeRanked/sports/wnba/outputs/archive/projections/wnba_projections_20260602.csv,no_safe_player_match,0,2026-06-09T11:30:41Z
2026-06-04,2026-06-04,Janelle Salaün,janelle salaün,janelle salaün,GSV,MIN,26.58,/home/ubuntu/EdgeRanked/sports/wnba/outputs/archive/projections/wnba_projections_20260604.csv,no_safe_player_match,0,2026-06-09T11:30:41Z
2026-06-06,2026-06-06,Alysha Clark,alysha clark,alysha clark,LVA,GSV,24.7,/home/ubuntu/EdgeRanked/sports/wnba/outputs/archive/projections/wnba_projections_20260606.csv,no_safe_player_match,0,2026-06-09T11:30:41Z
2026-06-06,2026-06-06,Chennedy Carter,chennedy carter,chennedy carter,LVA,GSV,28.59,/home/ubuntu/EdgeRanked/sports/wnba/outputs/archive/projections/wnba_projections_20260606.csv,no_safe_player_match,0,2026-06-09T11:30:41Z
2026-06-06,2026-06-06,Courtney Vandersloot,courtney vandersloot,courtney vandersloot,NYL,IND,25.95,/home/ubuntu/EdgeRanked/sports/wnba/outputs/archive/projections/wnba_projections_20260606.csv,no_safe_player_match,0,2026-06-09T11:30:41Z
2026-06-06,2026-06-06,Erica Wheeler,erica wheeler,erica wheeler,IND,NYL,24.02,/home/ubuntu/EdgeRanked/sports/wnba/outputs/archive/projections/wnba_projections_20260606.csv,no_safe_player_match,0,2026-06-09T11:30:41Z
2026-06-06,2026-06-06,Janelle Salaün,janelle salaün,janelle salaün,GSV,LVA,26.36,/home/ubuntu/EdgeRanked/sports/wnba/outputs/archive/projections/wnba_projections_20260606.csv,no_safe_player_match,0,2026-06-09T11:30:41Z
2026-06-06,2026-06-06,Sabrina Ionescu,sabrina ionescu,sabrina ionescu,NYL,IND,31.21,/home/ubuntu/EdgeRanked/sports/wnba/outputs/archive/projections/wnba_projections_20260606.csv,no_safe_player_match,0,2026-06-09T11:30:41Z
2026-06-07,2026-06-07,Aicha Coulibaly,aicha coulibaly,aicha coulibaly,CHI,TOR,17.37,/home/ubuntu/EdgeRanked/sports/wnba/outputs/archive/projections/wnba_projections_20260607.csv,no_safe_player_match,0,2026-06-09T11:30:41Z
2026-06-07,2026-06-07,Courtney Vandersloot,courtney vandersloot,courtney vandersloot,CHI,TOR,29.95,/home/ubuntu/EdgeRanked/sports/wnba/outputs/archive/projections/wnba_projections_20260607.csv,missing_projected_or_actual_minutes,1,2026-06-09T11:30:41Z
2026-06-07,2026-06-07,DiJonai Carrington,dijonai carrington,dijonai carrington,CHI,TOR,32.03,/home/ubuntu/EdgeRanked/sports/wnba/outputs/archive/projections/wnba_projections_20260607.csv,missing_projected_or_actual_minutes,1,2026-06-09T11:30:41Z
2026-06-07,2026-06-07,Emma Cannon,emma cannon,emma cannon,LAS,POR,8.87,/home/ubuntu/EdgeRanked/sports/wnba/outputs/archive/projections/wnba_projections_20260607.csv,missing_projected_or_actual_minutes,1,2026-06-09T11:30:41Z
2026-06-07,2026-06-07,Haley Jones,haley jones,haley jones,POR,LAS,12.73,/home/ubuntu/EdgeRanked/sports/wnba/outputs/archive/projections/wnba_projections_20260607.csv,no_safe_player_match,0,2026-06-09T11:30:41Z
2026-06-07,2026-06-07,Holly Winterburn,holly winterburn,holly winterburn,POR,LAS,15.4,/home/ubuntu/EdgeRanked/sports/wnba/outputs/archive/projections/wnba_projections_20260607.csv,missing_projected_or_actual_minutes,1,2026-06-09T11:30:41Z
2026-06-07,2026-06-07,Jihyun Park,jihyun park,jihyun park,LAS,POR,9.87,/home/ubuntu/EdgeRanked/sports/wnba/outputs/archive/projections/wnba_projections_20260607.csv,missing_projected_or_actual_minutes,1,2026-06-09T11:30:41Z
2026-06-07,2026-06-07,Jordan Harrison,jordan harrison,jordan harrison,POR,LAS,11.07,/home/ubuntu/EdgeRanked/sports/wnba/outputs/archive/projections/wnba_projections_20260607.csv,missing_projected_or_actual_minutes,1,2026-06-09T11:30:41Z
2026-06-07,2026-06-07,Kamiah Smalls,kamiah smalls,kamiah smalls,POR,LAS,14.9,/home/ubuntu/EdgeRanked/sports/wnba/outputs/archive/projections/wnba_projections_20260607.csv,no_safe_player_match,0,2026-06-09T11:30:41Z
2026-06-07,2026-06-07,Kiki Rice,kiki rice,kiki rice,TOR,CHI,28.43,/home/ubuntu/EdgeRanked/sports/wnba/outputs/archive/projections/wnba_projections_20260607.csv,missing_projected_or_actual_minutes,1,2026-06-09T11:30:41Z
2026-06-07,2026-06-07,Mariella Fasoula,mariella fasoula,mariella fasoula,TOR,CHI,11.17,/home/ubuntu/EdgeRanked/sports/wnba/outputs/archive/projections/wnba_projections_20260607.csv,no_safe_player_match,0,2026-06-09T11:30:41Z
2026-06-07,2026-06-07,Nikolina Milic,nikolina milic,nikolina milic,TOR,CHI,10.45,/home/ubuntu/EdgeRanked/sports/wnba/outputs/archive/projections/wnba_projections_20260607.csv,no_safe_player_match,0,2026-06-09T11:30:41Z
2026-06-07,2026-06-07,Rickea Jackson,rickea jackson,rickea jackson,CHI,TOR,30.69,/home/ubuntu/EdgeRanked/sports/wnba/outputs/archive/projections/wnba_projections_20260607.csv,missing_projected_or_actual_minutes,1,2026-06-09T11:30:41Z
2026-06-07,2026-06-07,Sania Feagin,sania feagin,sania feagin,LAS,POR,8.0,/home/ubuntu/EdgeRanked/sports/wnba/outputs/archive/projections/wnba_projections_20260607.csv,missing_projected_or_actual_minutes,1,2026-06-09T11:30:41Z
2026-06-07,2026-06-07,Serah Williams,serah williams,serah williams,POR,LAS,13.41,/home/ubuntu/EdgeRanked/sports/wnba/outputs/archive/projections/wnba_projections_20260607.csv,no_safe_player_match,0,2026-06-09T11:30:41Z
2026-06-07,2026-06-07,Sug Sutton,sug sutton,sug sutton,POR,LAS,22.11,/home/ubuntu/EdgeRanked/sports/wnba/outputs/archive/projections/wnba_projections_20260607.csv,no_safe_player_match,0,2026-06-09T11:30:41Z
2026-06-07,2026-06-07,Ta'Niya Latson,ta'niya latson,ta'niya latson,LAS,POR,11.81,/home/ubuntu/EdgeRanked/sports/wnba/outputs/archive/projections/wnba_projections_20260607.csv,missing_projected_or_actual_minutes,1,2026-06-09T11:30:41Z
2026-06-07,2026-06-07,Temi Fagbenle,temi fagbenle,temi fagbenle,TOR,CHI,16.12,/home/ubuntu/EdgeRanked/sports/wnba/outputs/archive/projections/wnba_projections_20260607.csv,missing_projected_or_actual_minutes,1,2026-06-09T11:30:41Z
2026-06-08,2026-06-08,Alex Fowler,alex fowler,alex fowler,NYL,CON,15.89,/home/ubuntu/EdgeRanked/sports/wnba/projections.csv,no_safe_player_match,0,2026-06-09T11:30:41Z
2026-06-08,2026-06-08,Alex Wilson,alex wilson,alex wilson,WAS,IND,11.6,/home/ubuntu/EdgeRanked/sports/wnba/projections.csv,no_safe_player_match,0,2026-06-09T11:30:41Z
2026-06-08,2026-06-08,Alicia Florez Getino,alicia florez getino,alicia florez getino,WAS,IND,24.91,/home/ubuntu/EdgeRanked/sports/wnba/projections.csv,no_safe_player_match,0,2026-06-09T11:30:41Z
2026-06-08,2026-06-08,Aneesah Morrow,aneesah morrow,aneesah morrow,CON,NYL,27.1,/home/ubuntu/EdgeRanked/sports/wnba/projections.csv,missing_projected_or_actual_minutes,1,2026-06-09T11:30:41Z
2026-06-08,2026-06-08,Anneli Maley,anneli maley,anneli maley,NYL,CON,8.46,/home/ubuntu/EdgeRanked/sports/wnba/projections.csv,missing_projected_or_actual_minutes,1,2026-06-09T11:30:41Z
2026-06-08,2026-06-08,Ashlon Jackson,ashlon jackson,ashlon jackson,CON,NYL,16.13,/home/ubuntu/EdgeRanked/sports/wnba/projections.csv,missing_projected_or_actual_minutes,1,2026-06-09T11:30:41Z
2026-06-08,2026-06-08,Aubrey Griffin,aubrey griffin,aubrey griffin,NYL,CON,8.18,/home/ubuntu/EdgeRanked/sports/wnba/projections.csv,no_safe_player_match,0,2026-06-09T11:30:41Z
2026-06-08,2026-06-08,Bree Hall,bree hall,bree hall,IND,WAS,21.5,/home/ubuntu/EdgeRanked/sports/wnba/projections.csv,no_safe_player_match,0,2026-06-09T11:30:41Z
2026-06-08,2026-06-08,Brittney Griner,brittney griner,brittney griner,CON,NYL,24.15,/home/ubuntu/EdgeRanked/sports/wnba/projections.csv,missing_projected_or_actual_minutes,1,2026-06-09T11:30:41Z
2026-06-08,2026-06-08,Chennedy Carter,chennedy carter,chennedy carter,LVA,SEA,24.22,/home/ubuntu/EdgeRanked/sports/wnba/projections.csv,no_safe_player_match,0,2026-06-09T11:30:41Z
2026-06-08,2026-06-08,Dana Evans,dana evans,dana evans,LVA,SEA,24.29,/home/ubuntu/EdgeRanked/sports/wnba/projections.csv,no_safe_player_match,0,2026-06-09T11:30:41Z
2026-06-08,2026-06-08,Darianna Littlepage-Buggs,darianna littlepage-buggs,darianna littlepage-buggs,WAS,IND,21.34,/home/ubuntu/EdgeRanked/sports/wnba/projections.csv,no_safe_player_match,0,2026-06-09T11:30:41Z
2026-06-08,2026-06-08,Ezi Magbegor,ezi magbegor,ezi magbegor,SEA,LVA,24.95,/home/ubuntu/EdgeRanked/sports/wnba/projections.csv,missing_projected_or_actual_minutes,1,2026-06-09T11:30:41Z
2026-06-08,2026-06-08,Grace VanSlooten,grace vanslooten,grace vanslooten,IND,WAS,10.73,/home/ubuntu/EdgeRanked/sports/wnba/projections.csv,missing_projected_or_actual_minutes,1,2026-06-09T11:30:41Z
2026-06-08,2026-06-08,Hailey Van Lith,hailey van lith,hailey van lith,CON,NYL,18.55,/home/ubuntu/EdgeRanked/sports/wnba/projections.csv,missing_projected_or_actual_minutes,1,2026-06-09T11:30:41Z
2026-06-08,2026-06-08,Janiah Barker,janiah barker,janiah barker,LVA,SEA,25.71,/home/ubuntu/EdgeRanked/sports/wnba/projections.csv,missing_projected_or_actual_minutes,1,2026-06-09T11:30:41Z
2026-06-08,2026-06-08,Jonquel Jones,jonquel jones,jonquel jones,NYL,CON,30.19,/home/ubuntu/EdgeRanked/sports/wnba/projections.csv,missing_projected_or_actual_minutes,1,2026-06-09T11:30:41Z
2026-06-08,2026-06-08,Joyner Holmes,joyner holmes,joyner holmes,SEA,LVA,13.25,/home/ubuntu/EdgeRanked/sports/wnba/projections.csv,no_safe_player_match,0,2026-06-09T11:30:41Z
2026-06-08,2026-06-08,Julie Vanloo,julie vanloo,julie vanloo,NYL,CON,18.52,/home/ubuntu/EdgeRanked/sports/wnba/projections.csv,no_safe_player_match,0,2026-06-09T11:30:41Z
2026-06-08,2026-06-08,Justine Pissott,justine pissott,justine pissott,IND,WAS,21.5,/home/ubuntu/EdgeRanked/sports/wnba/projections.csv,no_safe_player_match,0,2026-06-09T11:30:41Z
2026-06-08,2026-06-08,Lexie Brown,lexie brown,lexie brown,SEA,LVA,12.47,/home/ubuntu/EdgeRanked/sports/wnba/projections.csv,no_safe_player_match,0,2026-06-09T11:30:41Z
2026-06-08,2026-06-08,Lucy Olsen,lucy olsen,lucy olsen,WAS,IND,15.34,/home/ubuntu/EdgeRanked/sports/wnba/projections.csv,missing_projected_or_actual_minutes,1,2026-06-09T11:30:41Z
2026-06-08,2026-06-08,Rebecca Allen,rebecca allen,rebecca allen,NYL,CON,12.12,/home/ubuntu/EdgeRanked/sports/wnba/projections.csv,missing_projected_or_actual_minutes,1,2026-06-09T11:30:41Z
2026-06-08,2026-06-08,Rori Harmon,rori harmon,rori harmon,WAS,IND,8.87,/home/ubuntu/EdgeRanked/sports/wnba/projections.csv,missing_projected_or_actual_minutes,1,2026-06-09T11:30:41Z
2026-06-08,2026-06-08,Sabrina Ionescu,sabrina ionescu,sabrina ionescu,NYL,CON,30.86,/home/ubuntu/EdgeRanked/sports/wnba/projections.csv,missing_projected_or_actual_minutes,1,2026-06-09T11:30:41Z
2026-06-08,2026-06-08,Shatori Walker-Kimbrough,shatori walker-kimbrough,shatori walker-kimbrough,IND,WAS,8.0,/home/ubuntu/EdgeRanked/sports/wnba/projections.csv,no_safe_player_match,0,2026-06-09T11:30:41Z
2026-06-08,2026-06-08,Shey Peddy,shey peddy,shey peddy,CON,NYL,23.63,/home/ubuntu/EdgeRanked/sports/wnba/projections.csv,no_safe_player_match,0,2026-06-09T11:30:41Z
2026-06-08,2026-06-08,Taina Mair,taina mair,taina mair,SEA,LVA,8.0,/home/ubuntu/EdgeRanked/sports/wnba/projections.csv,no_safe_player_match,0,2026-06-09T11:30:41Z
2026-06-08,2026-06-08,Taylor Thierry,taylor thierry,taylor thierry,SEA,LVA,11.59,/home/ubuntu/EdgeRanked/sports/wnba/projections.csv,missing_projected_or_actual_minutes,1,2026-06-09T11:30:41Z
