GAME_DATE,PLAYER_KEY,PLAYER,TEAM,OPPONENT,MATCHUP,STAT,STAT_LABEL,PROJECTION,MEDIAN,FLOOR,CEILING,STDDEV,MIN,CONFIDENCE,ACTIVE_PROB,INJURY_STATUS,SIM_RUNS,CONFIDENCE_RANK
2026-06-10,saniya rivers,Saniya Rivers,CON,TOR,CON @ TOR,AST,Assists,3.33,3.16,1.48,5.38,1.56,22.41,Low,,UNKNOWN,10000,1
2026-06-10,leila lacan,Leila Lacan,CON,TOR,CON @ TOR,AST,Assists,3.3,3.15,1.64,5.17,1.4,24.15,Low,,UNKNOWN,10000,1
2026-06-10,brittney griner,Brittney Griner,CON,TOR,CON @ TOR,AST,Assists,2.87,2.72,1.34,4.59,1.3,25.65,Low,,UNKNOWN,10000,1
2026-06-10,olivia nelson-ododa,Olivia Nelson-Ododa,CON,TOR,CON @ TOR,AST,Assists,2.53,2.31,0.83,4.54,1.5,13.14,Medium,,UNKNOWN,10000,2
2026-06-10,charlisse leger-walker,Charlisse Leger-Walker,CON,TOR,CON @ TOR,AST,Assists,2.08,1.89,0.79,3.58,1.14,14.42,Low,,UNKNOWN,10000,1
2026-06-10,aneesah morrow,Aneesah Morrow,CON,TOR,CON @ TOR,AST,Assists,1.82,1.68,0.69,3.1,0.98,24.44,Low,,UNKNOWN,10000,1
2026-06-10,shey peddy,Shey Peddy,CON,TOR,CON @ TOR,AST,Assists,1.78,1.77,1.48,2.09,0.24,21.18,High,,UNKNOWN,10000,3
2026-06-10,hailey van lith,Hailey Van Lith,CON,TOR,CON @ TOR,AST,Assists,1.67,1.45,0.38,3.25,1.19,13.63,Low,,UNKNOWN,10000,1
2026-06-10,aaliyah edwards,Aaliyah Edwards,CON,TOR,CON @ TOR,AST,Assists,1.64,1.47,0.5,3.01,1.03,18.4,Low,,UNKNOWN,10000,1
2026-06-10,ashlon jackson,Ashlon Jackson,CON,TOR,CON @ TOR,AST,Assists,1.51,1.3,0.4,2.86,1.01,12.57,Low,,UNKNOWN,10000,1
2026-06-10,kennedy burke,Kennedy Burke,CON,TOR,CON @ TOR,AST,Assists,1.46,1.22,0.24,2.97,1.15,21.07,Low,,UNKNOWN,10000,1
2026-06-10,diamond miller,Diamond Miller,CON,TOR,CON @ TOR,AST,Assists,1.39,1.29,0.56,2.34,0.72,21.03,Low,,UNKNOWN,10000,1
2026-06-10,raegan beers,Raegan Beers,CON,TOR,CON @ TOR,AST,Assists,1.19,0.99,0.23,2.4,0.91,10.93,Low,,UNKNOWN,10000,1
2026-06-10,gianna kneepkens,Gianna Kneepkens,CON,TOR,CON @ TOR,AST,Assists,0.75,0.66,0.22,1.38,0.47,8.69,Low,,UNKNOWN,10000,1
2026-06-10,nell angloma,Nell Angloma,CON,TOR,CON @ TOR,AST,Assists,0.48,0.4,0.1,0.95,0.36,13.64,Low,,UNKNOWN,10000,1
2026-06-10,brittney griner,Brittney Griner,CON,TOR,CON @ TOR,BLK,Blocks,1.92,1.84,1.0,2.93,0.76,25.65,Low,,UNKNOWN,10000,1
2026-06-10,aneesah morrow,Aneesah Morrow,CON,TOR,CON @ TOR,BLK,Blocks,0.83,0.73,0.2,1.58,0.56,24.44,Low,,UNKNOWN,10000,1
2026-06-10,kennedy burke,Kennedy Burke,CON,TOR,CON @ TOR,BLK,Blocks,0.81,0.69,0.14,1.61,0.61,21.07,Low,,UNKNOWN,10000,1
2026-06-10,olivia nelson-ododa,Olivia Nelson-Ododa,CON,TOR,CON @ TOR,BLK,Blocks,0.81,0.7,0.19,1.54,0.55,13.14,Medium,,UNKNOWN,10000,2
2026-06-10,saniya rivers,Saniya Rivers,CON,TOR,CON @ TOR,BLK,Blocks,0.73,0.65,0.21,1.35,0.46,22.41,Low,,UNKNOWN,10000,1
2026-06-10,aaliyah edwards,Aaliyah Edwards,CON,TOR,CON @ TOR,BLK,Blocks,0.66,0.58,0.19,1.22,0.43,18.4,Low,,UNKNOWN,10000,1
2026-06-10,raegan beers,Raegan Beers,CON,TOR,CON @ TOR,BLK,Blocks,0.4,0.34,0.08,0.8,0.3,10.93,Low,,UNKNOWN,10000,1
2026-06-10,shey peddy,Shey Peddy,CON,TOR,CON @ TOR,BLK,Blocks,0.39,0.38,0.25,0.53,0.11,21.18,High,,UNKNOWN,10000,3
2026-06-10,leila lacan,Leila Lacan,CON,TOR,CON @ TOR,BLK,Blocks,0.38,0.31,0.05,0.8,0.33,24.15,Low,,UNKNOWN,10000,1
2026-06-10,nell angloma,Nell Angloma,CON,TOR,CON @ TOR,BLK,Blocks,0.38,0.3,0.05,0.82,0.32,13.64,Low,,UNKNOWN,10000,1
2026-06-10,hailey van lith,Hailey Van Lith,CON,TOR,CON @ TOR,BLK,Blocks,0.33,0.24,0.02,0.76,0.32,13.63,Low,,UNKNOWN,10000,1
2026-06-10,diamond miller,Diamond Miller,CON,TOR,CON @ TOR,BLK,Blocks,0.26,0.22,0.04,0.53,0.21,21.03,Low,,UNKNOWN,10000,1
2026-06-10,charlisse leger-walker,Charlisse Leger-Walker,CON,TOR,CON @ TOR,BLK,Blocks,0.21,0.15,0.01,0.48,0.21,14.42,Low,,UNKNOWN,10000,1
2026-06-10,gianna kneepkens,Gianna Kneepkens,CON,TOR,CON @ TOR,BLK,Blocks,0.19,0.16,0.05,0.37,0.14,8.69,Low,,UNKNOWN,10000,1
2026-06-10,ashlon jackson,Ashlon Jackson,CON,TOR,CON @ TOR,BLK,Blocks,0.15,0.13,0.03,0.3,0.12,12.57,Low,,UNKNOWN,10000,1
2026-06-10,aneesah morrow,Aneesah Morrow,CON,TOR,CON @ TOR,FG3M,3PM,0.96,0.89,0.37,1.62,0.5,24.44,Low,,UNKNOWN,10000,1
2026-06-10,leila lacan,Leila Lacan,CON,TOR,CON @ TOR,FG3M,3PM,0.91,0.82,0.26,1.65,0.57,24.15,Low,,UNKNOWN,10000,1
2026-06-10,saniya rivers,Saniya Rivers,CON,TOR,CON @ TOR,FG3M,3PM,0.87,0.8,0.3,1.5,0.48,22.41,Low,,UNKNOWN,10000,1
2026-06-10,charlisse leger-walker,Charlisse Leger-Walker,CON,TOR,CON @ TOR,FG3M,3PM,0.85,0.67,0.12,1.79,0.73,14.42,Low,,UNKNOWN,10000,1
2026-06-10,hailey van lith,Hailey Van Lith,CON,TOR,CON @ TOR,FG3M,3PM,0.83,0.69,0.15,1.68,0.64,13.63,Low,,UNKNOWN,10000,1
2026-06-10,kennedy burke,Kennedy Burke,CON,TOR,CON @ TOR,FG3M,3PM,0.82,0.67,0.09,1.74,0.71,21.07,Low,,UNKNOWN,10000,1
2026-06-10,diamond miller,Diamond Miller,CON,TOR,CON @ TOR,FG3M,3PM,0.81,0.73,0.26,1.45,0.48,21.03,Low,,UNKNOWN,10000,1
2026-06-10,shey peddy,Shey Peddy,CON,TOR,CON @ TOR,FG3M,3PM,0.8,0.8,0.65,0.97,0.13,21.18,High,,UNKNOWN,10000,3
2026-06-10,ashlon jackson,Ashlon Jackson,CON,TOR,CON @ TOR,FG3M,3PM,0.69,0.53,0.07,1.51,0.62,12.57,Low,,UNKNOWN,10000,1
2026-06-10,aaliyah edwards,Aaliyah Edwards,CON,TOR,CON @ TOR,FG3M,3PM,0.41,0.39,0.22,0.64,0.17,18.4,Low,,UNKNOWN,10000,1
2026-06-10,gianna kneepkens,Gianna Kneepkens,CON,TOR,CON @ TOR,FG3M,3PM,0.39,0.31,0.06,0.82,0.33,8.69,Low,,UNKNOWN,10000,1
2026-06-10,nell angloma,Nell Angloma,CON,TOR,CON @ TOR,FG3M,3PM,0.32,0.26,0.05,0.66,0.26,13.64,Low,,UNKNOWN,10000,1
2026-06-10,olivia nelson-ododa,Olivia Nelson-Ododa,CON,TOR,CON @ TOR,FG3M,3PM,0.3,0.28,0.14,0.48,0.13,13.14,Medium,,UNKNOWN,10000,2
2026-06-10,brittney griner,Brittney Griner,CON,TOR,CON @ TOR,FG3M,3PM,0.26,0.24,0.12,0.41,0.11,25.65,Low,,UNKNOWN,10000,1
2026-06-10,raegan beers,Raegan Beers,CON,TOR,CON @ TOR,FG3M,3PM,0.26,0.2,0.02,0.57,0.25,10.93,Low,,UNKNOWN,10000,1
2026-06-10,brittney griner,Brittney Griner,CON,TOR,CON @ TOR,PA,Pts+Ast,14.79,14.42,9.56,20.44,4.28,25.65,Low,,UNKNOWN,10000,1
2026-06-10,leila lacan,Leila Lacan,CON,TOR,CON @ TOR,PA,Pts+Ast,14.4,13.87,8.25,21.27,5.14,24.15,Low,,UNKNOWN,10000,1
2026-06-10,aneesah morrow,Aneesah Morrow,CON,TOR,CON @ TOR,PA,Pts+Ast,13.44,13.01,7.94,19.55,4.6,24.44,Low,,UNKNOWN,10000,1
2026-06-10,saniya rivers,Saniya Rivers,CON,TOR,CON @ TOR,PA,Pts+Ast,12.5,12.14,7.68,17.73,4.02,22.41,Low,,UNKNOWN,10000,1
2026-06-10,olivia nelson-ododa,Olivia Nelson-Ododa,CON,TOR,CON @ TOR,PA,Pts+Ast,11.72,11.24,6.5,17.5,4.35,13.14,Medium,,UNKNOWN,10000,2
2026-06-10,aaliyah edwards,Aaliyah Edwards,CON,TOR,CON @ TOR,PA,Pts+Ast,11.7,11.08,6.08,18.12,4.82,18.4,Low,,UNKNOWN,10000,1
2026-06-10,diamond miller,Diamond Miller,CON,TOR,CON @ TOR,PA,Pts+Ast,10.17,9.76,5.71,15.21,3.8,21.03,Low,,UNKNOWN,10000,1
2026-06-10,shey peddy,Shey Peddy,CON,TOR,CON @ TOR,PA,Pts+Ast,8.32,8.27,7.11,9.58,0.96,21.18,High,,UNKNOWN,10000,3
2026-06-10,charlisse leger-walker,Charlisse Leger-Walker,CON,TOR,CON @ TOR,PA,Pts+Ast,7.67,6.84,2.95,13.48,4.28,14.42,Low,,UNKNOWN,10000,1
2026-06-10,hailey van lith,Hailey Van Lith,CON,TOR,CON @ TOR,PA,Pts+Ast,7.31,6.62,2.86,12.7,3.98,13.63,Low,,UNKNOWN,10000,1
2026-06-10,kennedy burke,Kennedy Burke,CON,TOR,CON @ TOR,PA,Pts+Ast,7.01,6.4,2.67,12.2,3.89,21.07,Low,,UNKNOWN,10000,1
2026-06-10,raegan beers,Raegan Beers,CON,TOR,CON @ TOR,PA,Pts+Ast,6.53,6.04,2.69,10.98,3.33,10.93,Low,,UNKNOWN,10000,1
2026-06-10,nell angloma,Nell Angloma,CON,TOR,CON @ TOR,PA,Pts+Ast,5.46,4.7,1.41,10.48,3.81,13.64,Low,,UNKNOWN,10000,1
2026-06-10,gianna kneepkens,Gianna Kneepkens,CON,TOR,CON @ TOR,PA,Pts+Ast,4.67,4.37,2.26,7.43,2.08,8.69,Low,,UNKNOWN,10000,1
2026-06-10,ashlon jackson,Ashlon Jackson,CON,TOR,CON @ TOR,PA,Pts+Ast,4.38,3.93,1.65,7.71,2.47,12.57,Low,,UNKNOWN,10000,1
2026-06-10,aneesah morrow,Aneesah Morrow,CON,TOR,CON @ TOR,PR,Pts+Reb,22.01,21.59,14.47,30.02,6.13,24.44,Low,,UNKNOWN,10000,1
2026-06-10,brittney griner,Brittney Griner,CON,TOR,CON @ TOR,PR,Pts+Reb,17.04,16.7,11.43,23.13,4.58,25.65,Low,,UNKNOWN,10000,1
2026-06-10,aaliyah edwards,Aaliyah Edwards,CON,TOR,CON @ TOR,PR,Pts+Reb,15.66,15.02,9.21,22.92,5.43,18.4,Low,,UNKNOWN,10000,1
2026-06-10,olivia nelson-ododa,Olivia Nelson-Ododa,CON,TOR,CON @ TOR,PR,Pts+Reb,13.59,13.14,8.11,19.54,4.58,13.14,Medium,,UNKNOWN,10000,2
2026-06-10,leila lacan,Leila Lacan,CON,TOR,CON @ TOR,PR,Pts+Reb,13.46,12.91,7.53,20.11,5.01,24.15,Low,,UNKNOWN,10000,1
2026-06-10,saniya rivers,Saniya Rivers,CON,TOR,CON @ TOR,PR,Pts+Reb,11.87,11.51,7.31,16.86,3.79,22.41,Low,,UNKNOWN,10000,1
2026-06-10,diamond miller,Diamond Miller,CON,TOR,CON @ TOR,PR,Pts+Reb,11.25,10.86,6.63,16.49,3.91,21.03,Low,,UNKNOWN,10000,1
2026-06-10,raegan beers,Raegan Beers,CON,TOR,CON @ TOR,PR,Pts+Reb,9.78,9.19,4.78,15.46,4.29,10.93,Low,,UNKNOWN,10000,1
2026-06-10,shey peddy,Shey Peddy,CON,TOR,CON @ TOR,PR,Pts+Reb,9.54,9.51,8.24,10.9,1.03,21.18,High,,UNKNOWN,10000,3
2026-06-10,kennedy burke,Kennedy Burke,CON,TOR,CON @ TOR,PR,Pts+Reb,8.47,7.89,3.95,13.71,3.99,21.07,Low,,UNKNOWN,10000,1
2026-06-10,nell angloma,Nell Angloma,CON,TOR,CON @ TOR,PR,Pts+Reb,7.13,6.38,2.4,12.65,4.27,13.64,Low,,UNKNOWN,10000,1
2026-06-10,hailey van lith,Hailey Van Lith,CON,TOR,CON @ TOR,PR,Pts+Reb,7.02,6.32,2.73,12.16,3.85,13.63,Low,,UNKNOWN,10000,1
2026-06-10,charlisse leger-walker,Charlisse Leger-Walker,CON,TOR,CON @ TOR,PR,Pts+Reb,6.82,6.01,2.32,12.45,4.14,14.42,Low,,UNKNOWN,10000,1
2026-06-10,gianna kneepkens,Gianna Kneepkens,CON,TOR,CON @ TOR,PR,Pts+Reb,5.76,5.48,2.96,9.0,2.41,8.69,Low,,UNKNOWN,10000,1
2026-06-10,ashlon jackson,Ashlon Jackson,CON,TOR,CON @ TOR,PR,Pts+Reb,4.48,4.03,1.96,7.57,2.32,12.57,Low,,UNKNOWN,10000,1
2026-06-10,aneesah morrow,Aneesah Morrow,CON,TOR,CON @ TOR,PRA,Pts+Reb+Ast,23.83,23.39,16.03,32.03,6.32,24.44,Low,,UNKNOWN,10000,1
2026-06-10,brittney griner,Brittney Griner,CON,TOR,CON @ TOR,PRA,Pts+Reb+Ast,19.91,19.53,13.99,26.33,4.88,25.65,Low,,UNKNOWN,10000,1
2026-06-10,aaliyah edwards,Aaliyah Edwards,CON,TOR,CON @ TOR,PRA,Pts+Reb+Ast,17.3,16.65,10.57,24.82,5.67,18.4,Low,,UNKNOWN,10000,1
2026-06-10,leila lacan,Leila Lacan,CON,TOR,CON @ TOR,PRA,Pts+Reb+Ast,16.76,16.23,10.49,23.82,5.27,24.15,Low,,UNKNOWN,10000,1
2026-06-10,olivia nelson-ododa,Olivia Nelson-Ododa,CON,TOR,CON @ TOR,PRA,Pts+Reb+Ast,16.12,15.67,10.13,22.63,5.0,13.14,Medium,,UNKNOWN,10000,2
2026-06-10,saniya rivers,Saniya Rivers,CON,TOR,CON @ TOR,PRA,Pts+Reb+Ast,15.2,14.85,10.1,20.78,4.22,22.41,Low,,UNKNOWN,10000,1
2026-06-10,diamond miller,Diamond Miller,CON,TOR,CON @ TOR,PRA,Pts+Reb+Ast,12.65,12.24,7.87,17.95,4.02,21.03,Low,,UNKNOWN,10000,1
2026-06-10,shey peddy,Shey Peddy,CON,TOR,CON @ TOR,PRA,Pts+Reb+Ast,11.32,11.28,9.94,12.77,1.11,21.18,High,,UNKNOWN,10000,3
2026-06-10,raegan beers,Raegan Beers,CON,TOR,CON @ TOR,PRA,Pts+Reb+Ast,10.97,10.38,5.62,17.05,4.54,10.93,Low,,UNKNOWN,10000,1
2026-06-10,kennedy burke,Kennedy Burke,CON,TOR,CON @ TOR,PRA,Pts+Reb+Ast,9.93,9.37,5.12,15.42,4.18,21.07,Low,,UNKNOWN,10000,1
2026-06-10,charlisse leger-walker,Charlisse Leger-Walker,CON,TOR,CON @ TOR,PRA,Pts+Reb+Ast,8.9,8.09,3.96,14.93,4.44,14.42,Low,,UNKNOWN,10000,1
2026-06-10,hailey van lith,Hailey Van Lith,CON,TOR,CON @ TOR,PRA,Pts+Reb+Ast,8.69,7.98,3.99,14.22,4.15,13.63,Low,,UNKNOWN,10000,1
2026-06-10,nell angloma,Nell Angloma,CON,TOR,CON @ TOR,PRA,Pts+Reb+Ast,7.61,6.87,2.81,13.28,4.32,13.64,Low,,UNKNOWN,10000,1
2026-06-10,gianna kneepkens,Gianna Kneepkens,CON,TOR,CON @ TOR,PRA,Pts+Reb+Ast,6.51,6.23,3.5,9.9,2.55,8.69,Low,,UNKNOWN,10000,1
2026-06-10,ashlon jackson,Ashlon Jackson,CON,TOR,CON @ TOR,PRA,Pts+Reb+Ast,5.99,5.58,2.99,9.61,2.67,12.57,Low,,UNKNOWN,10000,1
2026-06-10,brittney griner,Brittney Griner,CON,TOR,CON @ TOR,PTS,Points,11.92,11.56,7.13,17.15,3.98,25.65,Low,,UNKNOWN,10000,1
2026-06-10,aneesah morrow,Aneesah Morrow,CON,TOR,CON @ TOR,PTS,Points,11.62,11.17,6.37,17.5,4.41,24.44,Low,,UNKNOWN,10000,1
2026-06-10,leila lacan,Leila Lacan,CON,TOR,CON @ TOR,PTS,Points,11.1,10.52,5.25,17.55,4.89,24.15,Low,,UNKNOWN,10000,1
2026-06-10,aaliyah edwards,Aaliyah Edwards,CON,TOR,CON @ TOR,PTS,Points,10.05,9.39,4.76,16.17,4.59,18.4,Low,,UNKNOWN,10000,1
2026-06-10,olivia nelson-ododa,Olivia Nelson-Ododa,CON,TOR,CON @ TOR,PTS,Points,9.19,8.71,4.55,14.47,3.95,13.14,Medium,,UNKNOWN,10000,2
2026-06-10,saniya rivers,Saniya Rivers,CON,TOR,CON @ TOR,PTS,Points,9.17,8.81,4.9,13.88,3.59,22.41,Low,,UNKNOWN,10000,1
2026-06-10,diamond miller,Diamond Miller,CON,TOR,CON @ TOR,PTS,Points,8.78,8.35,4.45,13.7,3.69,21.03,Low,,UNKNOWN,10000,1
2026-06-10,shey peddy,Shey Peddy,CON,TOR,CON @ TOR,PTS,Points,6.54,6.5,5.43,7.7,0.88,21.18,High,,UNKNOWN,10000,3
2026-06-10,hailey van lith,Hailey Van Lith,CON,TOR,CON @ TOR,PTS,Points,5.64,4.97,1.54,10.67,3.69,13.63,Low,,UNKNOWN,10000,1
2026-06-10,charlisse leger-walker,Charlisse Leger-Walker,CON,TOR,CON @ TOR,PTS,Points,5.59,4.76,1.28,10.99,3.99,14.42,Low,,UNKNOWN,10000,1
2026-06-10,kennedy burke,Kennedy Burke,CON,TOR,CON @ TOR,PTS,Points,5.55,4.91,1.45,10.53,3.7,21.07,Low,,UNKNOWN,10000,1
2026-06-10,raegan beers,Raegan Beers,CON,TOR,CON @ TOR,PTS,Points,5.34,4.85,1.86,9.47,3.08,10.93,Low,,UNKNOWN,10000,1
2026-06-10,nell angloma,Nell Angloma,CON,TOR,CON @ TOR,PTS,Points,4.98,4.22,1.0,9.89,3.76,13.64,Low,,UNKNOWN,10000,1
2026-06-10,gianna kneepkens,Gianna Kneepkens,CON,TOR,CON @ TOR,PTS,Points,3.92,3.63,1.71,6.52,1.95,8.69,Low,,UNKNOWN,10000,1
2026-06-10,ashlon jackson,Ashlon Jackson,CON,TOR,CON @ TOR,PTS,Points,2.87,2.4,0.58,5.7,2.14,12.57,Low,,UNKNOWN,10000,1
2026-06-10,aneesah morrow,Aneesah Morrow,CON,TOR,CON @ TOR,RA,Reb+Ast,12.21,11.84,7.5,17.4,3.91,24.44,Low,,UNKNOWN,10000,1
2026-06-10,brittney griner,Brittney Griner,CON,TOR,CON @ TOR,RA,Reb+Ast,7.99,7.78,5.05,11.2,2.42,25.65,Low,,UNKNOWN,10000,1
2026-06-10,aaliyah edwards,Aaliyah Edwards,CON,TOR,CON @ TOR,RA,Reb+Ast,7.25,6.97,4.27,10.56,2.51,18.4,Low,,UNKNOWN,10000,1
2026-06-10,olivia nelson-ododa,Olivia Nelson-Ododa,CON,TOR,CON @ TOR,RA,Reb+Ast,6.93,6.63,3.92,10.3,2.53,13.14,Medium,,UNKNOWN,10000,2
2026-06-10,saniya rivers,Saniya Rivers,CON,TOR,CON @ TOR,RA,Reb+Ast,6.03,5.87,3.74,8.54,1.9,22.41,Low,,UNKNOWN,10000,1
2026-06-10,leila lacan,Leila Lacan,CON,TOR,CON @ TOR,RA,Reb+Ast,5.67,5.51,3.61,7.93,1.68,24.15,Low,,UNKNOWN,10000,1
2026-06-10,raegan beers,Raegan Beers,CON,TOR,CON @ TOR,RA,Reb+Ast,5.63,5.27,2.49,9.26,2.71,10.93,Low,,UNKNOWN,10000,1
2026-06-10,shey peddy,Shey Peddy,CON,TOR,CON @ TOR,RA,Reb+Ast,4.78,4.77,4.14,5.44,0.51,21.18,High,,UNKNOWN,10000,3
2026-06-10,kennedy burke,Kennedy Burke,CON,TOR,CON @ TOR,RA,Reb+Ast,4.38,4.14,2.24,6.82,1.83,21.07,Low,,UNKNOWN,10000,1
2026-06-10,diamond miller,Diamond Miller,CON,TOR,CON @ TOR,RA,Reb+Ast,3.87,3.74,2.38,5.54,1.25,21.03,Low,,UNKNOWN,10000,1
2026-06-10,charlisse leger-walker,Charlisse Leger-Walker,CON,TOR,CON @ TOR,RA,Reb+Ast,3.31,3.12,1.61,5.22,1.46,14.42,Low,,UNKNOWN,10000,1
2026-06-10,ashlon jackson,Ashlon Jackson,CON,TOR,CON @ TOR,RA,Reb+Ast,3.12,2.92,1.63,4.85,1.29,12.57,Low,,UNKNOWN,10000,1
2026-06-10,hailey van lith,Hailey Van Lith,CON,TOR,CON @ TOR,RA,Reb+Ast,3.04,2.81,1.33,5.09,1.5,13.63,Low,,UNKNOWN,10000,1
2026-06-10,nell angloma,Nell Angloma,CON,TOR,CON @ TOR,RA,Reb+Ast,2.63,2.24,0.76,5.0,1.79,13.64,Low,,UNKNOWN,10000,1
2026-06-10,gianna kneepkens,Gianna Kneepkens,CON,TOR,CON @ TOR,RA,Reb+Ast,2.58,2.4,1.13,4.25,1.27,8.69,Low,,UNKNOWN,10000,1
2026-06-10,aneesah morrow,Aneesah Morrow,CON,TOR,CON @ TOR,REB,Rebounds,10.39,10.04,6.03,15.24,3.68,24.44,Low,,UNKNOWN,10000,1
2026-06-10,aaliyah edwards,Aaliyah Edwards,CON,TOR,CON @ TOR,REB,Rebounds,5.6,5.34,3.06,8.48,2.16,18.4,Low,,UNKNOWN,10000,1
2026-06-10,brittney griner,Brittney Griner,CON,TOR,CON @ TOR,REB,Rebounds,5.12,4.92,2.75,7.74,1.97,25.65,Low,,UNKNOWN,10000,1
2026-06-10,raegan beers,Raegan Beers,CON,TOR,CON @ TOR,REB,Rebounds,4.44,4.02,1.7,7.66,2.43,10.93,Low,,UNKNOWN,10000,1
2026-06-10,olivia nelson-ododa,Olivia Nelson-Ododa,CON,TOR,CON @ TOR,REB,Rebounds,4.4,4.19,2.2,6.86,1.86,13.14,Medium,,UNKNOWN,10000,2
2026-06-10,shey peddy,Shey Peddy,CON,TOR,CON @ TOR,REB,Rebounds,3.0,2.99,2.48,3.53,0.41,21.18,High,,UNKNOWN,10000,3
2026-06-10,kennedy burke,Kennedy Burke,CON,TOR,CON @ TOR,REB,Rebounds,2.92,2.76,1.26,4.75,1.39,21.07,Low,,UNKNOWN,10000,1
2026-06-10,saniya rivers,Saniya Rivers,CON,TOR,CON @ TOR,REB,Rebounds,2.7,2.61,1.47,4.05,1.02,22.41,Low,,UNKNOWN,10000,1
2026-06-10,diamond miller,Diamond Miller,CON,TOR,CON @ TOR,REB,Rebounds,2.48,2.37,1.3,3.8,0.99,21.03,Low,,UNKNOWN,10000,1
2026-06-10,leila lacan,Leila Lacan,CON,TOR,CON @ TOR,REB,Rebounds,2.36,2.27,1.32,3.52,0.87,24.15,Low,,UNKNOWN,10000,1
2026-06-10,nell angloma,Nell Angloma,CON,TOR,CON @ TOR,REB,Rebounds,2.15,1.74,0.37,4.44,1.73,13.64,Low,,UNKNOWN,10000,1
2026-06-10,gianna kneepkens,Gianna Kneepkens,CON,TOR,CON @ TOR,REB,Rebounds,1.84,1.64,0.6,3.29,1.11,8.69,Low,,UNKNOWN,10000,1
2026-06-10,ashlon jackson,Ashlon Jackson,CON,TOR,CON @ TOR,REB,Rebounds,1.61,1.54,0.84,2.47,0.65,12.57,Low,,UNKNOWN,10000,1
2026-06-10,hailey van lith,Hailey Van Lith,CON,TOR,CON @ TOR,REB,Rebounds,1.37,1.24,0.44,2.47,0.82,13.63,Low,,UNKNOWN,10000,1
2026-06-10,charlisse leger-walker,Charlisse Leger-Walker,CON,TOR,CON @ TOR,REB,Rebounds,1.23,1.09,0.35,2.27,0.79,14.42,Low,,UNKNOWN,10000,1
2026-06-10,brittney griner,Brittney Griner,CON,TOR,CON @ TOR,SB,Stl+Blk,2.9,2.78,1.67,4.28,1.04,25.65,Low,,UNKNOWN,10000,1
2026-06-10,saniya rivers,Saniya Rivers,CON,TOR,CON @ TOR,SB,Stl+Blk,2.15,2.02,1.01,3.43,0.98,22.41,Low,,UNKNOWN,10000,1
2026-06-10,kennedy burke,Kennedy Burke,CON,TOR,CON @ TOR,SB,Stl+Blk,1.95,1.8,0.77,3.31,1.03,21.07,Low,,UNKNOWN,10000,1
2026-06-10,aaliyah edwards,Aaliyah Edwards,CON,TOR,CON @ TOR,SB,Stl+Blk,1.94,1.85,0.98,3.03,0.82,18.4,Low,,UNKNOWN,10000,1
2026-06-10,olivia nelson-ododa,Olivia Nelson-Ododa,CON,TOR,CON @ TOR,SB,Stl+Blk,1.9,1.79,0.93,2.98,0.82,13.14,Medium,,UNKNOWN,10000,2
2026-06-10,aneesah morrow,Aneesah Morrow,CON,TOR,CON @ TOR,SB,Stl+Blk,1.85,1.76,0.9,2.94,0.81,24.44,Low,,UNKNOWN,10000,1
2026-06-10,leila lacan,Leila Lacan,CON,TOR,CON @ TOR,SB,Stl+Blk,1.7,1.59,0.74,2.8,0.82,24.15,Low,,UNKNOWN,10000,1
2026-06-10,nell angloma,Nell Angloma,CON,TOR,CON @ TOR,SB,Stl+Blk,1.42,1.18,0.36,2.78,1.02,13.64,Low,,UNKNOWN,10000,1
2026-06-10,ashlon jackson,Ashlon Jackson,CON,TOR,CON @ TOR,SB,Stl+Blk,1.29,1.06,0.3,2.55,0.97,12.57,Low,,UNKNOWN,10000,1
2026-06-10,raegan beers,Raegan Beers,CON,TOR,CON @ TOR,SB,Stl+Blk,1.22,1.08,0.43,2.2,0.73,10.93,Low,,UNKNOWN,10000,1
2026-06-10,shey peddy,Shey Peddy,CON,TOR,CON @ TOR,SB,Stl+Blk,1.22,1.22,1.01,1.45,0.17,21.18,High,,UNKNOWN,10000,3
2026-06-10,diamond miller,Diamond Miller,CON,TOR,CON @ TOR,SB,Stl+Blk,1.18,1.08,0.47,2.0,0.63,21.03,Low,,UNKNOWN,10000,1
2026-06-10,charlisse leger-walker,Charlisse Leger-Walker,CON,TOR,CON @ TOR,SB,Stl+Blk,1.04,0.92,0.33,1.91,0.65,14.42,Low,,UNKNOWN,10000,1
2026-06-10,hailey van lith,Hailey Van Lith,CON,TOR,CON @ TOR,SB,Stl+Blk,1.01,0.9,0.33,1.82,0.62,13.63,Low,,UNKNOWN,10000,1
2026-06-10,gianna kneepkens,Gianna Kneepkens,CON,TOR,CON @ TOR,SB,Stl+Blk,0.74,0.67,0.28,1.3,0.42,8.69,Low,,UNKNOWN,10000,1
2026-06-10,saniya rivers,Saniya Rivers,CON,TOR,CON @ TOR,STL,Steals,1.42,1.28,0.44,2.54,0.85,22.41,Low,,UNKNOWN,10000,1
2026-06-10,leila lacan,Leila Lacan,CON,TOR,CON @ TOR,STL,Steals,1.31,1.2,0.46,2.31,0.75,24.15,Low,,UNKNOWN,10000,1
2026-06-10,aaliyah edwards,Aaliyah Edwards,CON,TOR,CON @ TOR,STL,Steals,1.28,1.18,0.51,2.15,0.66,18.4,Low,,UNKNOWN,10000,1
2026-06-10,ashlon jackson,Ashlon Jackson,CON,TOR,CON @ TOR,STL,Steals,1.14,0.91,0.16,2.39,0.95,12.57,Low,,UNKNOWN,10000,1
2026-06-10,kennedy burke,Kennedy Burke,CON,TOR,CON @ TOR,STL,Steals,1.14,0.99,0.24,2.21,0.83,21.07,Low,,UNKNOWN,10000,1
2026-06-10,olivia nelson-ododa,Olivia Nelson-Ododa,CON,TOR,CON @ TOR,STL,Steals,1.09,1.01,0.44,1.85,0.57,13.14,Medium,,UNKNOWN,10000,2
2026-06-10,nell angloma,Nell Angloma,CON,TOR,CON @ TOR,STL,Steals,1.04,0.78,0.09,2.32,0.96,13.64,Low,,UNKNOWN,10000,1
2026-06-10,aneesah morrow,Aneesah Morrow,CON,TOR,CON @ TOR,STL,Steals,1.02,0.94,0.37,1.77,0.57,24.44,Low,,UNKNOWN,10000,1
2026-06-10,brittney griner,Brittney Griner,CON,TOR,CON @ TOR,STL,Steals,0.98,0.86,0.24,1.86,0.69,25.65,Low,,UNKNOWN,10000,1
2026-06-10,diamond miller,Diamond Miller,CON,TOR,CON @ TOR,STL,Steals,0.91,0.82,0.26,1.67,0.59,21.03,Low,,UNKNOWN,10000,1
2026-06-10,shey peddy,Shey Peddy,CON,TOR,CON @ TOR,STL,Steals,0.84,0.83,0.68,1.0,0.13,21.18,High,,UNKNOWN,10000,3
2026-06-10,charlisse leger-walker,Charlisse Leger-Walker,CON,TOR,CON @ TOR,STL,Steals,0.83,0.71,0.19,1.63,0.61,14.42,Low,,UNKNOWN,10000,1
2026-06-10,raegan beers,Raegan Beers,CON,TOR,CON @ TOR,STL,Steals,0.82,0.68,0.15,1.67,0.64,10.93,Low,,UNKNOWN,10000,1
2026-06-10,hailey van lith,Hailey Van Lith,CON,TOR,CON @ TOR,STL,Steals,0.68,0.58,0.13,1.36,0.51,13.63,Low,,UNKNOWN,10000,1
2026-06-10,gianna kneepkens,Gianna Kneepkens,CON,TOR,CON @ TOR,STL,Steals,0.55,0.47,0.14,1.05,0.38,8.69,Low,,UNKNOWN,10000,1
2026-06-10,kelsey plum,Kelsey Plum,LAS,SEA,LAS @ SEA,AST,Assists,5.97,5.86,3.87,8.17,1.7,33.98,Medium,,UNKNOWN,10000,2
2026-06-10,erica wheeler,Erica Wheeler,LAS,SEA,LAS @ SEA,AST,Assists,4.93,4.74,2.71,7.45,1.88,27.14,Medium,,UNKNOWN,10000,2
2026-06-10,dearica hamby,Dearica Hamby,LAS,SEA,LAS @ SEA,AST,Assists,2.89,2.64,0.98,5.1,1.66,27.78,Low,,UNKNOWN,10000,1
2026-06-10,nneka ogwumike,Nneka Ogwumike,LAS,SEA,LAS @ SEA,AST,Assists,2.24,2.15,1.04,3.54,1.0,29.84,Medium,,UNKNOWN,10000,2
2026-06-10,rae burrell,Rae Burrell,LAS,SEA,LAS @ SEA,AST,Assists,1.9,1.8,1.01,2.91,0.76,23.63,Low,,UNKNOWN,10000,1
2026-06-10,laura ziegler,Laura Ziegler,LAS,SEA,LAS @ SEA,AST,Assists,1.67,1.65,1.36,1.98,0.24,18.45,High,,UNKNOWN,10000,3
2026-06-10,ariel atkins,Ariel Atkins,LAS,SEA,LAS @ SEA,AST,Assists,1.63,1.59,0.92,2.39,0.58,27.4,Medium,,UNKNOWN,10000,2
2026-06-10,cameron brink,Cameron Brink,LAS,SEA,LAS @ SEA,AST,Assists,0.94,0.77,0.13,1.91,0.77,19.64,Low,,UNKNOWN,10000,1
2026-06-10,jihyun park,Jihyun Park,LAS,SEA,LAS @ SEA,AST,Assists,0.91,0.82,0.26,1.66,0.58,9.19,Medium,,UNKNOWN,10000,2
2026-06-10,chance gray,Chance Gray,LAS,SEA,LAS @ SEA,AST,Assists,0.73,0.66,0.24,1.31,0.44,12.93,Low,,UNKNOWN,10000,1
2026-06-10,kate martin,Kate Martin,LAS,SEA,LAS @ SEA,AST,Assists,0.57,0.5,0.16,1.08,0.37,11.34,Low,,UNKNOWN,10000,1
2026-06-10,emma cannon,Emma Cannon,LAS,SEA,LAS @ SEA,AST,Assists,0.48,0.46,0.29,0.68,0.15,8.24,High,,UNKNOWN,10000,3
2026-06-10,ta'niya latson,Ta'Niya Latson,LAS,SEA,LAS @ SEA,AST,Assists,0.45,0.4,0.13,0.82,0.28,11.19,Medium,,UNKNOWN,10000,2
2026-06-10,sania feagin,Sania Feagin,LAS,SEA,LAS @ SEA,AST,Assists,0.16,0.14,0.04,0.3,0.1,8.03,High,,UNKNOWN,10000,3
2026-06-10,cameron brink,Cameron Brink,LAS,SEA,LAS @ SEA,BLK,Blocks,1.28,1.18,0.47,2.2,0.69,19.64,Low,,UNKNOWN,10000,1
2026-06-10,ariel atkins,Ariel Atkins,LAS,SEA,LAS @ SEA,BLK,Blocks,0.67,0.52,0.05,1.46,0.63,27.4,Medium,,UNKNOWN,10000,2
2026-06-10,dearica hamby,Dearica Hamby,LAS,SEA,LAS @ SEA,BLK,Blocks,0.61,0.53,0.12,1.17,0.44,27.78,Low,,UNKNOWN,10000,1
2026-06-10,nneka ogwumike,Nneka Ogwumike,LAS,SEA,LAS @ SEA,BLK,Blocks,0.56,0.51,0.16,1.03,0.35,29.84,Medium,,UNKNOWN,10000,2
2026-06-10,laura ziegler,Laura Ziegler,LAS,SEA,LAS @ SEA,BLK,Blocks,0.49,0.48,0.34,0.64,0.12,18.45,High,,UNKNOWN,10000,3
2026-06-10,rae burrell,Rae Burrell,LAS,SEA,LAS @ SEA,BLK,Blocks,0.35,0.29,0.05,0.71,0.28,23.63,Low,,UNKNOWN,10000,1
2026-06-10,kelsey plum,Kelsey Plum,LAS,SEA,LAS @ SEA,BLK,Blocks,0.34,0.33,0.17,0.52,0.14,33.98,Medium,,UNKNOWN,10000,2
2026-06-10,erica wheeler,Erica Wheeler,LAS,SEA,LAS @ SEA,BLK,Blocks,0.31,0.27,0.07,0.59,0.22,27.14,Medium,,UNKNOWN,10000,2
2026-06-10,chance gray,Chance Gray,LAS,SEA,LAS @ SEA,BLK,Blocks,0.21,0.19,0.07,0.38,0.13,12.93,Low,,UNKNOWN,10000,1
2026-06-10,sania feagin,Sania Feagin,LAS,SEA,LAS @ SEA,BLK,Blocks,0.2,0.18,0.07,0.34,0.11,8.03,High,,UNKNOWN,10000,3
2026-06-10,kate martin,Kate Martin,LAS,SEA,LAS @ SEA,BLK,Blocks,0.15,0.13,0.03,0.31,0.12,11.34,Low,,UNKNOWN,10000,1
2026-06-10,ta'niya latson,Ta'Niya Latson,LAS,SEA,LAS @ SEA,BLK,Blocks,0.15,0.13,0.04,0.28,0.1,11.19,Medium,,UNKNOWN,10000,2
2026-06-10,jihyun park,Jihyun Park,LAS,SEA,LAS @ SEA,BLK,Blocks,0.13,0.11,0.02,0.26,0.1,9.19,Medium,,UNKNOWN,10000,2
2026-06-10,emma cannon,Emma Cannon,LAS,SEA,LAS @ SEA,BLK,Blocks,0.11,0.09,0.01,0.24,0.1,8.24,High,,UNKNOWN,10000,3
2026-06-10,kelsey plum,Kelsey Plum,LAS,SEA,LAS @ SEA,FG3M,3PM,2.75,2.63,1.23,4.42,1.26,33.98,Medium,,UNKNOWN,10000,2
2026-06-10,nneka ogwumike,Nneka Ogwumike,LAS,SEA,LAS @ SEA,FG3M,3PM,1.27,1.2,0.52,2.08,0.63,29.84,Medium,,UNKNOWN,10000,2
2026-06-10,ariel atkins,Ariel Atkins,LAS,SEA,LAS @ SEA,FG3M,3PM,1.15,0.96,0.16,2.31,0.93,27.4,Medium,,UNKNOWN,10000,2
2026-06-10,rae burrell,Rae Burrell,LAS,SEA,LAS @ SEA,FG3M,3PM,1.15,1.04,0.36,2.05,0.69,23.63,Low,,UNKNOWN,10000,1
2026-06-10,emma cannon,Emma Cannon,LAS,SEA,LAS @ SEA,FG3M,3PM,1.08,1.0,0.43,1.81,0.56,8.24,High,,UNKNOWN,10000,3
2026-06-10,erica wheeler,Erica Wheeler,LAS,SEA,LAS @ SEA,FG3M,3PM,0.95,0.84,0.26,1.75,0.61,27.14,Medium,,UNKNOWN,10000,2
2026-06-10,kate martin,Kate Martin,LAS,SEA,LAS @ SEA,FG3M,3PM,0.84,0.61,0.05,1.93,0.84,11.34,Low,,UNKNOWN,10000,1
2026-06-10,chance gray,Chance Gray,LAS,SEA,LAS @ SEA,FG3M,3PM,0.72,0.58,0.1,1.54,0.61,12.93,Low,,UNKNOWN,10000,1
2026-06-10,dearica hamby,Dearica Hamby,LAS,SEA,LAS @ SEA,FG3M,3PM,0.58,0.49,0.09,1.17,0.47,27.78,Low,,UNKNOWN,10000,1
2026-06-10,cameron brink,Cameron Brink,LAS,SEA,LAS @ SEA,FG3M,3PM,0.54,0.4,0.02,1.2,0.54,19.64,Low,,UNKNOWN,10000,1
2026-06-10,laura ziegler,Laura Ziegler,LAS,SEA,LAS @ SEA,FG3M,3PM,0.53,0.52,0.38,0.68,0.12,18.45,High,,UNKNOWN,10000,3
2026-06-10,ta'niya latson,Ta'Niya Latson,LAS,SEA,LAS @ SEA,FG3M,3PM,0.35,0.29,0.06,0.7,0.27,11.19,Medium,,UNKNOWN,10000,2
2026-06-10,jihyun park,Jihyun Park,LAS,SEA,LAS @ SEA,FG3M,3PM,0.15,0.13,0.03,0.28,0.1,9.19,Medium,,UNKNOWN,10000,2
2026-06-10,sania feagin,Sania Feagin,LAS,SEA,LAS @ SEA,FG3M,3PM,0.12,0.1,0.02,0.25,0.1,8.03,High,,UNKNOWN,10000,3
2026-06-10,kelsey plum,Kelsey Plum,LAS,SEA,LAS @ SEA,PA,Pts+Ast,29.79,29.63,22.96,36.84,5.48,33.98,Medium,,UNKNOWN,10000,2
2026-06-10,dearica hamby,Dearica Hamby,LAS,SEA,LAS @ SEA,PA,Pts+Ast,17.69,17.36,11.34,24.44,5.13,27.78,Low,,UNKNOWN,10000,1
2026-06-10,nneka ogwumike,Nneka Ogwumike,LAS,SEA,LAS @ SEA,PA,Pts+Ast,16.72,16.6,13.0,20.62,2.99,29.84,Medium,,UNKNOWN,10000,2
2026-06-10,erica wheeler,Erica Wheeler,LAS,SEA,LAS @ SEA,PA,Pts+Ast,13.36,12.86,7.77,19.41,4.66,27.14,Medium,,UNKNOWN,10000,2
2026-06-10,rae burrell,Rae Burrell,LAS,SEA,LAS @ SEA,PA,Pts+Ast,11.41,10.83,5.71,17.65,4.8,23.63,Low,,UNKNOWN,10000,1
2026-06-10,ariel atkins,Ariel Atkins,LAS,SEA,LAS @ SEA,PA,Pts+Ast,8.71,8.41,4.97,12.8,3.11,27.4,Medium,,UNKNOWN,10000,2
2026-06-10,laura ziegler,Laura Ziegler,LAS,SEA,LAS @ SEA,PA,Pts+Ast,8.4,8.37,7.11,9.72,1.02,18.45,High,,UNKNOWN,10000,3
2026-06-10,cameron brink,Cameron Brink,LAS,SEA,LAS @ SEA,PA,Pts+Ast,7.25,6.69,2.94,12.13,3.8,19.64,Low,,UNKNOWN,10000,1
2026-06-10,chance gray,Chance Gray,LAS,SEA,LAS @ SEA,PA,Pts+Ast,4.27,3.91,1.77,7.22,2.19,12.93,Low,,UNKNOWN,10000,1
2026-06-10,kate martin,Kate Martin,LAS,SEA,LAS @ SEA,PA,Pts+Ast,3.93,3.13,0.83,8.06,3.15,11.34,Low,,UNKNOWN,10000,1
2026-06-10,emma cannon,Emma Cannon,LAS,SEA,LAS @ SEA,PA,Pts+Ast,3.52,3.29,1.62,5.72,1.66,8.24,High,,UNKNOWN,10000,3
2026-06-10,ta'niya latson,Ta'Niya Latson,LAS,SEA,LAS @ SEA,PA,Pts+Ast,2.6,2.49,1.34,3.98,1.04,11.19,Medium,,UNKNOWN,10000,2
2026-06-10,jihyun park,Jihyun Park,LAS,SEA,LAS @ SEA,PA,Pts+Ast,1.89,1.76,0.83,3.14,0.94,9.19,Medium,,UNKNOWN,10000,2
2026-06-10,sania feagin,Sania Feagin,LAS,SEA,LAS @ SEA,PA,Pts+Ast,0.42,0.4,0.22,0.64,0.16,8.03,High,,UNKNOWN,10000,3
2026-06-10,kelsey plum,Kelsey Plum,LAS,SEA,LAS @ SEA,PR,Pts+Reb,26.3,26.09,19.61,33.22,5.35,33.98,Medium,,UNKNOWN,10000,2
2026-06-10,dearica hamby,Dearica Hamby,LAS,SEA,LAS @ SEA,PR,Pts+Reb,22.04,21.72,15.44,28.97,5.35,27.78,Low,,UNKNOWN,10000,1
2026-06-10,nneka ogwumike,Nneka Ogwumike,LAS,SEA,LAS @ SEA,PR,Pts+Reb,21.97,21.79,17.47,26.68,3.59,29.84,Medium,,UNKNOWN,10000,2
2026-06-10,rae burrell,Rae Burrell,LAS,SEA,LAS @ SEA,PR,Pts+Reb,12.38,11.81,6.53,18.82,4.92,23.63,Low,,UNKNOWN,10000,1
2026-06-10,erica wheeler,Erica Wheeler,LAS,SEA,LAS @ SEA,PR,Pts+Reb,10.91,10.42,5.73,16.66,4.4,27.14,Medium,,UNKNOWN,10000,2
2026-06-10,cameron brink,Cameron Brink,LAS,SEA,LAS @ SEA,PR,Pts+Reb,10.22,9.71,5.41,15.61,4.12,19.64,Low,,UNKNOWN,10000,1
2026-06-10,laura ziegler,Laura Ziegler,LAS,SEA,LAS @ SEA,PR,Pts+Reb,9.93,9.9,8.5,11.42,1.13,18.45,High,,UNKNOWN,10000,3
2026-06-10,ariel atkins,Ariel Atkins,LAS,SEA,LAS @ SEA,PR,Pts+Reb,9.89,9.59,5.81,14.34,3.38,27.4,Medium,,UNKNOWN,10000,2
2026-06-10,chance gray,Chance Gray,LAS,SEA,LAS @ SEA,PR,Pts+Reb,5.41,5.06,2.62,8.69,2.41,12.93,Low,,UNKNOWN,10000,1
2026-06-10,kate martin,Kate Martin,LAS,SEA,LAS @ SEA,PR,Pts+Reb,4.29,3.48,1.11,8.58,3.21,11.34,Low,,UNKNOWN,10000,1
2026-06-10,ta'niya latson,Ta'Niya Latson,LAS,SEA,LAS @ SEA,PR,Pts+Reb,3.45,3.33,2.01,5.02,1.19,11.19,Medium,,UNKNOWN,10000,2
2026-06-10,emma cannon,Emma Cannon,LAS,SEA,LAS @ SEA,PR,Pts+Reb,3.4,3.16,1.49,5.59,1.66,8.24,High,,UNKNOWN,10000,3
2026-06-10,jihyun park,Jihyun Park,LAS,SEA,LAS @ SEA,PR,Pts+Reb,1.9,1.77,0.92,3.04,0.87,9.19,Medium,,UNKNOWN,10000,2
2026-06-10,sania feagin,Sania Feagin,LAS,SEA,LAS @ SEA,PR,Pts+Reb,0.86,0.84,0.58,1.16,0.22,8.03,High,,UNKNOWN,10000,3
2026-06-10,kelsey plum,Kelsey Plum,LAS,SEA,LAS @ SEA,PRA,Pts+Reb+Ast,32.28,32.11,25.27,39.47,5.61,33.98,Medium,,UNKNOWN,10000,2
2026-06-10,dearica hamby,Dearica Hamby,LAS,SEA,LAS @ SEA,PRA,Pts+Reb+Ast,24.93,24.63,17.9,32.28,5.62,27.78,Low,,UNKNOWN,10000,1
2026-06-10,nneka ogwumike,Nneka Ogwumike,LAS,SEA,LAS @ SEA,PRA,Pts+Reb+Ast,24.21,24.04,19.54,29.1,3.74,29.84,Medium,,UNKNOWN,10000,2
2026-06-10,erica wheeler,Erica Wheeler,LAS,SEA,LAS @ SEA,PRA,Pts+Reb+Ast,15.85,15.34,9.92,22.26,4.89,27.14,Medium,,UNKNOWN,10000,2
2026-06-10,rae burrell,Rae Burrell,LAS,SEA,LAS @ SEA,PRA,Pts+Reb+Ast,14.28,13.68,8.29,20.87,5.03,23.63,Low,,UNKNOWN,10000,1
2026-06-10,laura ziegler,Laura Ziegler,LAS,SEA,LAS @ SEA,PRA,Pts+Reb+Ast,11.6,11.57,10.07,13.17,1.21,18.45,High,,UNKNOWN,10000,3
2026-06-10,ariel atkins,Ariel Atkins,LAS,SEA,LAS @ SEA,PRA,Pts+Reb+Ast,11.52,11.25,7.35,16.06,3.46,27.4,Medium,,UNKNOWN,10000,2
2026-06-10,cameron brink,Cameron Brink,LAS,SEA,LAS @ SEA,PRA,Pts+Reb+Ast,11.15,10.67,6.21,16.66,4.22,19.64,Low,,UNKNOWN,10000,1
2026-06-10,chance gray,Chance Gray,LAS,SEA,LAS @ SEA,PRA,Pts+Reb+Ast,6.14,5.78,3.22,9.48,2.52,12.93,Low,,UNKNOWN,10000,1
2026-06-10,kate martin,Kate Martin,LAS,SEA,LAS @ SEA,PRA,Pts+Reb+Ast,4.86,4.05,1.61,9.2,3.27,11.34,Low,,UNKNOWN,10000,1
2026-06-10,ta'niya latson,Ta'Niya Latson,LAS,SEA,LAS @ SEA,PRA,Pts+Reb+Ast,3.9,3.79,2.4,5.55,1.23,11.19,Medium,,UNKNOWN,10000,2
2026-06-10,emma cannon,Emma Cannon,LAS,SEA,LAS @ SEA,PRA,Pts+Reb+Ast,3.88,3.64,1.94,6.1,1.68,8.24,High,,UNKNOWN,10000,3
2026-06-10,jihyun park,Jihyun Park,LAS,SEA,LAS @ SEA,PRA,Pts+Reb+Ast,2.81,2.68,1.56,4.24,1.08,9.19,Medium,,UNKNOWN,10000,2
2026-06-10,sania feagin,Sania Feagin,LAS,SEA,LAS @ SEA,PRA,Pts+Reb+Ast,1.02,1.0,0.7,1.36,0.26,8.03,High,,UNKNOWN,10000,3
2026-06-10,kelsey plum,Kelsey Plum,LAS,SEA,LAS @ SEA,PTS,Points,23.81,23.6,17.24,30.58,5.22,33.98,Medium,,UNKNOWN,10000,2
2026-06-10,dearica hamby,Dearica Hamby,LAS,SEA,LAS @ SEA,PTS,Points,14.8,14.5,8.84,21.09,4.86,27.78,Low,,UNKNOWN,10000,1
2026-06-10,nneka ogwumike,Nneka Ogwumike,LAS,SEA,LAS @ SEA,PTS,Points,14.49,14.36,11.01,18.13,2.81,29.84,Medium,,UNKNOWN,10000,2
2026-06-10,rae burrell,Rae Burrell,LAS,SEA,LAS @ SEA,PTS,Points,9.51,8.94,3.99,15.67,4.7,23.63,Low,,UNKNOWN,10000,1
2026-06-10,erica wheeler,Erica Wheeler,LAS,SEA,LAS @ SEA,PTS,Points,8.42,7.91,3.56,13.82,4.17,27.14,Medium,,UNKNOWN,10000,2
2026-06-10,ariel atkins,Ariel Atkins,LAS,SEA,LAS @ SEA,PTS,Points,7.08,6.77,3.43,11.06,3.03,27.4,Medium,,UNKNOWN,10000,2
2026-06-10,laura ziegler,Laura Ziegler,LAS,SEA,LAS @ SEA,PTS,Points,6.73,6.7,5.54,7.97,0.95,18.45,High,,UNKNOWN,10000,3
2026-06-10,cameron brink,Cameron Brink,LAS,SEA,LAS @ SEA,PTS,Points,6.32,5.76,2.13,11.03,3.7,19.64,Low,,UNKNOWN,10000,1
2026-06-10,chance gray,Chance Gray,LAS,SEA,LAS @ SEA,PTS,Points,3.54,3.18,1.16,6.35,2.1,12.93,Low,,UNKNOWN,10000,1
2026-06-10,kate martin,Kate Martin,LAS,SEA,LAS @ SEA,PTS,Points,3.36,2.57,0.31,7.45,3.1,11.34,Low,,UNKNOWN,10000,1
2026-06-10,emma cannon,Emma Cannon,LAS,SEA,LAS @ SEA,PTS,Points,3.05,2.81,1.18,5.21,1.64,8.24,High,,UNKNOWN,10000,3
2026-06-10,ta'niya latson,Ta'Niya Latson,LAS,SEA,LAS @ SEA,PTS,Points,2.15,2.04,0.96,3.47,0.99,11.19,Medium,,UNKNOWN,10000,2
2026-06-10,jihyun park,Jihyun Park,LAS,SEA,LAS @ SEA,PTS,Points,0.99,0.84,0.21,1.93,0.72,9.19,Medium,,UNKNOWN,10000,2
2026-06-10,sania feagin,Sania Feagin,LAS,SEA,LAS @ SEA,PTS,Points,0.26,0.24,0.12,0.42,0.12,8.03,High,,UNKNOWN,10000,3
2026-06-10,dearica hamby,Dearica Hamby,LAS,SEA,LAS @ SEA,RA,Reb+Ast,10.13,9.93,6.81,13.68,2.76,27.78,Low,,UNKNOWN,10000,1
2026-06-10,nneka ogwumike,Nneka Ogwumike,LAS,SEA,LAS @ SEA,RA,Reb+Ast,9.72,9.55,6.84,12.8,2.39,29.84,Medium,,UNKNOWN,10000,2
2026-06-10,kelsey plum,Kelsey Plum,LAS,SEA,LAS @ SEA,RA,Reb+Ast,8.46,8.34,5.92,11.16,2.07,33.98,Medium,,UNKNOWN,10000,2
2026-06-10,erica wheeler,Erica Wheeler,LAS,SEA,LAS @ SEA,RA,Reb+Ast,7.42,7.17,4.58,10.56,2.35,27.14,Medium,,UNKNOWN,10000,2
2026-06-10,laura ziegler,Laura Ziegler,LAS,SEA,LAS @ SEA,RA,Reb+Ast,4.87,4.85,4.15,5.6,0.56,18.45,High,,UNKNOWN,10000,3
2026-06-10,cameron brink,Cameron Brink,LAS,SEA,LAS @ SEA,RA,Reb+Ast,4.84,4.63,2.6,7.34,1.87,19.64,Low,,UNKNOWN,10000,1
2026-06-10,rae burrell,Rae Burrell,LAS,SEA,LAS @ SEA,RA,Reb+Ast,4.76,4.63,3.02,6.71,1.45,23.63,Low,,UNKNOWN,10000,1
2026-06-10,ariel atkins,Ariel Atkins,LAS,SEA,LAS @ SEA,RA,Reb+Ast,4.44,4.27,2.54,6.56,1.6,27.4,Medium,,UNKNOWN,10000,2
2026-06-10,chance gray,Chance Gray,LAS,SEA,LAS @ SEA,RA,Reb+Ast,2.6,2.46,1.34,4.06,1.08,12.93,Low,,UNKNOWN,10000,1
2026-06-10,jihyun park,Jihyun Park,LAS,SEA,LAS @ SEA,RA,Reb+Ast,1.82,1.73,0.94,2.82,0.76,9.19,Medium,,UNKNOWN,10000,2
2026-06-10,ta'niya latson,Ta'Niya Latson,LAS,SEA,LAS @ SEA,RA,Reb+Ast,1.75,1.67,0.95,2.64,0.68,11.19,Medium,,UNKNOWN,10000,2
2026-06-10,kate martin,Kate Martin,LAS,SEA,LAS @ SEA,RA,Reb+Ast,1.5,1.41,0.7,2.42,0.69,11.34,Low,,UNKNOWN,10000,1
2026-06-10,emma cannon,Emma Cannon,LAS,SEA,LAS @ SEA,RA,Reb+Ast,0.83,0.81,0.56,1.12,0.22,8.24,High,,UNKNOWN,10000,3
2026-06-10,sania feagin,Sania Feagin,LAS,SEA,LAS @ SEA,RA,Reb+Ast,0.76,0.74,0.51,1.03,0.21,8.03,High,,UNKNOWN,10000,3
2026-06-10,nneka ogwumike,Nneka Ogwumike,LAS,SEA,LAS @ SEA,REB,Rebounds,7.48,7.33,4.85,10.29,2.15,29.84,Medium,,UNKNOWN,10000,2
2026-06-10,dearica hamby,Dearica Hamby,LAS,SEA,LAS @ SEA,REB,Rebounds,7.24,7.09,4.6,10.01,2.15,27.78,Low,,UNKNOWN,10000,1
2026-06-10,cameron brink,Cameron Brink,LAS,SEA,LAS @ SEA,REB,Rebounds,3.9,3.73,1.92,6.11,1.67,19.64,Low,,UNKNOWN,10000,1
2026-06-10,laura ziegler,Laura Ziegler,LAS,SEA,LAS @ SEA,REB,Rebounds,3.2,3.19,2.61,3.81,0.47,18.45,High,,UNKNOWN,10000,3
2026-06-10,rae burrell,Rae Burrell,LAS,SEA,LAS @ SEA,REB,Rebounds,2.87,2.75,1.48,4.44,1.18,23.63,Low,,UNKNOWN,10000,1
2026-06-10,ariel atkins,Ariel Atkins,LAS,SEA,LAS @ SEA,REB,Rebounds,2.81,2.62,1.1,4.73,1.47,27.4,Medium,,UNKNOWN,10000,2
2026-06-10,erica wheeler,Erica Wheeler,LAS,SEA,LAS @ SEA,REB,Rebounds,2.49,2.31,0.91,4.27,1.35,27.14,Medium,,UNKNOWN,10000,2
2026-06-10,kelsey plum,Kelsey Plum,LAS,SEA,LAS @ SEA,REB,Rebounds,2.49,2.36,1.12,4.0,1.15,33.98,Medium,,UNKNOWN,10000,2
2026-06-10,chance gray,Chance Gray,LAS,SEA,LAS @ SEA,REB,Rebounds,1.87,1.73,0.8,3.12,0.94,12.93,Low,,UNKNOWN,10000,1
2026-06-10,ta'niya latson,Ta'Niya Latson,LAS,SEA,LAS @ SEA,REB,Rebounds,1.3,1.22,0.59,2.12,0.61,11.19,Medium,,UNKNOWN,10000,2
2026-06-10,kate martin,Kate Martin,LAS,SEA,LAS @ SEA,REB,Rebounds,0.93,0.84,0.33,1.65,0.54,11.34,Low,,UNKNOWN,10000,1
2026-06-10,jihyun park,Jihyun Park,LAS,SEA,LAS @ SEA,REB,Rebounds,0.91,0.85,0.39,1.52,0.45,9.19,Medium,,UNKNOWN,10000,2
2026-06-10,sania feagin,Sania Feagin,LAS,SEA,LAS @ SEA,REB,Rebounds,0.6,0.59,0.39,0.83,0.17,8.03,High,,UNKNOWN,10000,3
2026-06-10,emma cannon,Emma Cannon,LAS,SEA,LAS @ SEA,REB,Rebounds,0.35,0.34,0.19,0.53,0.13,8.24,High,,UNKNOWN,10000,3
2026-06-10,dearica hamby,Dearica Hamby,LAS,SEA,LAS @ SEA,SB,Stl+Blk,2.16,2.03,0.95,3.53,1.05,27.78,Low,,UNKNOWN,10000,1
2026-06-10,ariel atkins,Ariel Atkins,LAS,SEA,LAS @ SEA,SB,Stl+Blk,2.11,1.95,0.83,3.57,1.12,27.4,Medium,,UNKNOWN,10000,2
2026-06-10,cameron brink,Cameron Brink,LAS,SEA,LAS @ SEA,SB,Stl+Blk,1.99,1.89,1.04,3.04,0.8,19.64,Low,,UNKNOWN,10000,1
2026-06-10,nneka ogwumike,Nneka Ogwumike,LAS,SEA,LAS @ SEA,SB,Stl+Blk,1.82,1.77,1.05,2.64,0.63,29.84,Medium,,UNKNOWN,10000,2
2026-06-10,kelsey plum,Kelsey Plum,LAS,SEA,LAS @ SEA,SB,Stl+Blk,1.71,1.64,0.94,2.55,0.64,33.98,Medium,,UNKNOWN,10000,2
2026-06-10,erica wheeler,Erica Wheeler,LAS,SEA,LAS @ SEA,SB,Stl+Blk,1.64,1.57,0.82,2.56,0.69,27.14,Medium,,UNKNOWN,10000,2
2026-06-10,laura ziegler,Laura Ziegler,LAS,SEA,LAS @ SEA,SB,Stl+Blk,1.43,1.42,1.18,1.68,0.19,18.45,High,,UNKNOWN,10000,3
2026-06-10,rae burrell,Rae Burrell,LAS,SEA,LAS @ SEA,SB,Stl+Blk,1.41,1.32,0.63,2.29,0.67,23.63,Low,,UNKNOWN,10000,1
2026-06-10,kate martin,Kate Martin,LAS,SEA,LAS @ SEA,SB,Stl+Blk,0.82,0.73,0.29,1.47,0.48,11.34,Low,,UNKNOWN,10000,1
2026-06-10,chance gray,Chance Gray,LAS,SEA,LAS @ SEA,SB,Stl+Blk,0.76,0.72,0.37,1.21,0.33,12.93,Low,,UNKNOWN,10000,1
2026-06-10,jihyun park,Jihyun Park,LAS,SEA,LAS @ SEA,SB,Stl+Blk,0.72,0.66,0.27,1.26,0.41,9.19,Medium,,UNKNOWN,10000,2
2026-06-10,ta'niya latson,Ta'Niya Latson,LAS,SEA,LAS @ SEA,SB,Stl+Blk,0.53,0.51,0.33,0.74,0.16,11.19,Medium,,UNKNOWN,10000,2
2026-06-10,sania feagin,Sania Feagin,LAS,SEA,LAS @ SEA,SB,Stl+Blk,0.5,0.49,0.29,0.73,0.18,8.03,High,,UNKNOWN,10000,3
2026-06-10,emma cannon,Emma Cannon,LAS,SEA,LAS @ SEA,SB,Stl+Blk,0.42,0.4,0.22,0.64,0.17,8.24,High,,UNKNOWN,10000,3
2026-06-10,dearica hamby,Dearica Hamby,LAS,SEA,LAS @ SEA,STL,Steals,1.55,1.4,0.46,2.81,0.95,27.78,Low,,UNKNOWN,10000,1
2026-06-10,ariel atkins,Ariel Atkins,LAS,SEA,LAS @ SEA,STL,Steals,1.44,1.29,0.41,2.62,0.92,27.4,Medium,,UNKNOWN,10000,2
2026-06-10,kelsey plum,Kelsey Plum,LAS,SEA,LAS @ SEA,STL,Steals,1.37,1.3,0.61,2.19,0.63,33.98,Medium,,UNKNOWN,10000,2
2026-06-10,erica wheeler,Erica Wheeler,LAS,SEA,LAS @ SEA,STL,Steals,1.34,1.26,0.56,2.2,0.65,27.14,Medium,,UNKNOWN,10000,2
2026-06-10,nneka ogwumike,Nneka Ogwumike,LAS,SEA,LAS @ SEA,STL,Steals,1.26,1.21,0.63,1.94,0.52,29.84,Medium,,UNKNOWN,10000,2
2026-06-10,rae burrell,Rae Burrell,LAS,SEA,LAS @ SEA,STL,Steals,1.06,0.96,0.37,1.87,0.6,23.63,Low,,UNKNOWN,10000,1
2026-06-10,laura ziegler,Laura Ziegler,LAS,SEA,LAS @ SEA,STL,Steals,0.94,0.93,0.76,1.13,0.14,18.45,High,,UNKNOWN,10000,3
2026-06-10,cameron brink,Cameron Brink,LAS,SEA,LAS @ SEA,STL,Steals,0.7,0.65,0.28,1.19,0.37,19.64,Low,,UNKNOWN,10000,1
2026-06-10,kate martin,Kate Martin,LAS,SEA,LAS @ SEA,STL,Steals,0.67,0.58,0.17,1.28,0.46,11.34,Low,,UNKNOWN,10000,1
2026-06-10,jihyun park,Jihyun Park,LAS,SEA,LAS @ SEA,STL,Steals,0.59,0.53,0.16,1.1,0.39,9.19,Medium,,UNKNOWN,10000,2
2026-06-10,chance gray,Chance Gray,LAS,SEA,LAS @ SEA,STL,Steals,0.55,0.51,0.22,0.94,0.3,12.93,Low,,UNKNOWN,10000,1
2026-06-10,ta'niya latson,Ta'Niya Latson,LAS,SEA,LAS @ SEA,STL,Steals,0.38,0.36,0.23,0.54,0.12,11.19,Medium,,UNKNOWN,10000,2
2026-06-10,emma cannon,Emma Cannon,LAS,SEA,LAS @ SEA,STL,Steals,0.31,0.29,0.15,0.47,0.13,8.24,High,,UNKNOWN,10000,3
2026-06-10,sania feagin,Sania Feagin,LAS,SEA,LAS @ SEA,STL,Steals,0.31,0.29,0.15,0.48,0.13,8.03,High,,UNKNOWN,10000,3
2026-06-10,natisha hiedeman,Natisha Hiedeman,SEA,LAS,SEA vs LAS,AST,Assists,4.16,4.06,2.46,5.97,1.39,27.23,Medium,,UNKNOWN,10000,2
2026-06-10,jade melbourne,Jade Melbourne,SEA,LAS,SEA vs LAS,AST,Assists,3.17,2.98,1.47,5.1,1.46,21.07,Medium,,UNKNOWN,10000,2
2026-06-10,flau'jae johnson,Flau'jae Johnson,SEA,LAS,SEA vs LAS,AST,Assists,2.29,2.12,0.83,3.94,1.25,25.29,Medium,,UNKNOWN,10000,2
2026-06-10,awa fam,Awa Fam,SEA,LAS,SEA vs LAS,AST,Assists,1.87,1.7,0.58,3.36,1.13,26.29,Medium,,UNKNOWN,10000,2
2026-06-10,ezi magbegor,Ezi Magbegor,SEA,LAS,SEA vs LAS,AST,Assists,1.83,1.83,1.54,2.15,0.24,23.94,High,,UNKNOWN,10000,3
2026-06-10,katie lou samuelson,Katie Lou Samuelson,SEA,LAS,SEA vs LAS,AST,Assists,1.69,1.61,0.85,2.63,0.71,16.96,Medium,,UNKNOWN,10000,2
2026-06-10,stefanie dolson,Stefanie Dolson,SEA,LAS,SEA vs LAS,AST,Assists,1.46,1.34,0.53,2.52,0.81,21.04,Medium,,UNKNOWN,10000,2
2026-06-10,jordan horston,Jordan Horston,SEA,LAS,SEA vs LAS,AST,Assists,1.43,1.34,0.57,2.39,0.73,19.83,Medium,,UNKNOWN,10000,2
2026-06-10,zia cooke,Zia Cooke,SEA,LAS,SEA vs LAS,AST,Assists,1.36,1.2,0.34,2.56,0.9,16.62,Low,,UNKNOWN,10000,1
2026-06-10,joyner holmes,Joyner Holmes,SEA,LAS,SEA vs LAS,AST,Assists,1.17,1.15,0.92,1.43,0.2,13.26,High,,UNKNOWN,10000,3
2026-06-10,taina mair,Taina Mair,SEA,LAS,SEA vs LAS,AST,Assists,1.13,1.1,0.79,1.49,0.28,8.0,High,,UNKNOWN,10000,3
2026-06-10,lexie brown,Lexie Brown,SEA,LAS,SEA vs LAS,AST,Assists,0.86,0.78,0.29,1.56,0.52,12.87,Medium,,UNKNOWN,10000,2
2026-06-10,mackenzie holmes,Mackenzie Holmes,SEA,LAS,SEA vs LAS,AST,Assists,0.82,0.73,0.22,1.51,0.53,15.27,Medium,,UNKNOWN,10000,2
2026-06-10,dominique malonga,Dominique Malonga,SEA,LAS,SEA vs LAS,AST,Assists,0.63,0.52,0.12,1.26,0.48,22.63,Low,,UNKNOWN,10000,1
2026-06-10,taylor thierry,Taylor Thierry,SEA,LAS,SEA vs LAS,AST,Assists,0.23,0.21,0.1,0.39,0.12,11.78,Low,,UNKNOWN,10000,1
2026-06-10,joyner holmes,Joyner Holmes,SEA,LAS,SEA vs LAS,BLK,Blocks,2.58,2.55,2.02,3.17,0.44,13.26,High,,UNKNOWN,10000,3
2026-06-10,flau'jae johnson,Flau'jae Johnson,SEA,LAS,SEA vs LAS,BLK,Blocks,1.35,1.21,0.37,2.48,0.87,25.29,Medium,,UNKNOWN,10000,2
2026-06-10,stefanie dolson,Stefanie Dolson,SEA,LAS,SEA vs LAS,BLK,Blocks,0.89,0.77,0.2,1.7,0.63,21.04,Medium,,UNKNOWN,10000,2
2026-06-10,jordan horston,Jordan Horston,SEA,LAS,SEA vs LAS,BLK,Blocks,0.88,0.69,0.07,1.86,0.83,19.83,Medium,,UNKNOWN,10000,2
2026-06-10,awa fam,Awa Fam,SEA,LAS,SEA vs LAS,BLK,Blocks,0.74,0.63,0.13,1.48,0.57,26.29,Medium,,UNKNOWN,10000,2
2026-06-10,dominique malonga,Dominique Malonga,SEA,LAS,SEA vs LAS,BLK,Blocks,0.74,0.64,0.18,1.4,0.51,22.63,Low,,UNKNOWN,10000,1
2026-06-10,mackenzie holmes,Mackenzie Holmes,SEA,LAS,SEA vs LAS,BLK,Blocks,0.56,0.45,0.07,1.16,0.47,15.27,Medium,,UNKNOWN,10000,2
2026-06-10,jade melbourne,Jade Melbourne,SEA,LAS,SEA vs LAS,BLK,Blocks,0.45,0.39,0.09,0.89,0.34,21.07,Medium,,UNKNOWN,10000,2
2026-06-10,ezi magbegor,Ezi Magbegor,SEA,LAS,SEA vs LAS,BLK,Blocks,0.43,0.42,0.28,0.57,0.11,23.94,High,,UNKNOWN,10000,3
2026-06-10,natisha hiedeman,Natisha Hiedeman,SEA,LAS,SEA vs LAS,BLK,Blocks,0.37,0.32,0.06,0.73,0.28,27.23,Medium,,UNKNOWN,10000,2
2026-06-10,lexie brown,Lexie Brown,SEA,LAS,SEA vs LAS,BLK,Blocks,0.24,0.19,0.02,0.52,0.22,12.87,Medium,,UNKNOWN,10000,2
2026-06-10,katie lou samuelson,Katie Lou Samuelson,SEA,LAS,SEA vs LAS,BLK,Blocks,0.19,0.17,0.07,0.32,0.1,16.96,Medium,,UNKNOWN,10000,2
2026-06-10,zia cooke,Zia Cooke,SEA,LAS,SEA vs LAS,BLK,Blocks,0.18,0.16,0.05,0.32,0.11,16.62,Low,,UNKNOWN,10000,1
2026-06-10,taylor thierry,Taylor Thierry,SEA,LAS,SEA vs LAS,BLK,Blocks,0.17,0.15,0.05,0.31,0.11,11.78,Low,,UNKNOWN,10000,1
2026-06-10,taina mair,Taina Mair,SEA,LAS,SEA vs LAS,BLK,Blocks,0.15,0.13,0.03,0.28,0.1,8.0,High,,UNKNOWN,10000,3
2026-06-10,natisha hiedeman,Natisha Hiedeman,SEA,LAS,SEA vs LAS,FG3M,3PM,2.05,1.95,0.94,3.27,0.92,27.23,Medium,,UNKNOWN,10000,2
2026-06-10,lexie brown,Lexie Brown,SEA,LAS,SEA vs LAS,FG3M,3PM,1.16,0.88,0.1,2.58,1.08,12.87,Medium,,UNKNOWN,10000,2
2026-06-10,flau'jae johnson,Flau'jae Johnson,SEA,LAS,SEA vs LAS,FG3M,3PM,1.14,1.01,0.3,2.13,0.75,25.29,Medium,,UNKNOWN,10000,2
2026-06-10,katie lou samuelson,Katie Lou Samuelson,SEA,LAS,SEA vs LAS,FG3M,3PM,1.02,0.95,0.41,1.72,0.53,16.96,Medium,,UNKNOWN,10000,2
2026-06-10,dominique malonga,Dominique Malonga,SEA,LAS,SEA vs LAS,FG3M,3PM,1.0,0.76,0.08,2.21,0.92,22.63,Low,,UNKNOWN,10000,1
2026-06-10,taylor thierry,Taylor Thierry,SEA,LAS,SEA vs LAS,FG3M,3PM,0.93,0.75,0.12,1.96,0.79,11.78,Low,,UNKNOWN,10000,1
2026-06-10,zia cooke,Zia Cooke,SEA,LAS,SEA vs LAS,FG3M,3PM,0.93,0.82,0.24,1.75,0.62,16.62,Low,,UNKNOWN,10000,1
2026-06-10,stefanie dolson,Stefanie Dolson,SEA,LAS,SEA vs LAS,FG3M,3PM,0.83,0.72,0.17,1.61,0.61,21.04,Medium,,UNKNOWN,10000,2
2026-06-10,ezi magbegor,Ezi Magbegor,SEA,LAS,SEA vs LAS,FG3M,3PM,0.78,0.77,0.62,0.94,0.12,23.94,High,,UNKNOWN,10000,3
2026-06-10,jade melbourne,Jade Melbourne,SEA,LAS,SEA vs LAS,FG3M,3PM,0.64,0.59,0.22,1.13,0.37,21.07,Medium,,UNKNOWN,10000,2
2026-06-10,jordan horston,Jordan Horston,SEA,LAS,SEA vs LAS,FG3M,3PM,0.59,0.53,0.18,1.05,0.36,19.83,Medium,,UNKNOWN,10000,2
2026-06-10,awa fam,Awa Fam,SEA,LAS,SEA vs LAS,FG3M,3PM,0.53,0.5,0.2,0.9,0.28,26.29,Medium,,UNKNOWN,10000,2
2026-06-10,mackenzie holmes,Mackenzie Holmes,SEA,LAS,SEA vs LAS,FG3M,3PM,0.45,0.33,0.02,1.01,0.45,15.27,Medium,,UNKNOWN,10000,2
2026-06-10,taina mair,Taina Mair,SEA,LAS,SEA vs LAS,FG3M,3PM,0.17,0.16,0.05,0.31,0.11,8.0,High,,UNKNOWN,10000,3
2026-06-10,joyner holmes,Joyner Holmes,SEA,LAS,SEA vs LAS,FG3M,3PM,0.15,0.13,0.04,0.28,0.1,13.26,High,,UNKNOWN,10000,3
2026-06-10,natisha hiedeman,Natisha Hiedeman,SEA,LAS,SEA vs LAS,PA,Pts+Ast,18.16,17.89,12.52,24.12,4.58,27.23,Medium,,UNKNOWN,10000,2
2026-06-10,jade melbourne,Jade Melbourne,SEA,LAS,SEA vs LAS,PA,Pts+Ast,12.21,11.88,7.39,17.49,4.0,21.07,Medium,,UNKNOWN,10000,2
2026-06-10,flau'jae johnson,Flau'jae Johnson,SEA,LAS,SEA vs LAS,PA,Pts+Ast,12.08,11.73,7.53,17.0,3.77,25.29,Medium,,UNKNOWN,10000,2
2026-06-10,awa fam,Awa Fam,SEA,LAS,SEA vs LAS,PA,Pts+Ast,11.92,11.52,7.04,17.18,4.04,26.29,Medium,,UNKNOWN,10000,2
2026-06-10,dominique malonga,Dominique Malonga,SEA,LAS,SEA vs LAS,PA,Pts+Ast,10.45,9.16,2.88,19.68,6.95,22.63,Low,,UNKNOWN,10000,1
2026-06-10,zia cooke,Zia Cooke,SEA,LAS,SEA vs LAS,PA,Pts+Ast,8.64,7.89,3.23,15.04,4.83,16.62,Low,,UNKNOWN,10000,1
2026-06-10,ezi magbegor,Ezi Magbegor,SEA,LAS,SEA vs LAS,PA,Pts+Ast,8.32,8.29,7.19,9.5,0.91,23.94,High,,UNKNOWN,10000,3
2026-06-10,katie lou samuelson,Katie Lou Samuelson,SEA,LAS,SEA vs LAS,PA,Pts+Ast,6.71,6.53,4.06,9.63,2.19,16.96,Medium,,UNKNOWN,10000,2
2026-06-10,stefanie dolson,Stefanie Dolson,SEA,LAS,SEA vs LAS,PA,Pts+Ast,6.67,6.01,2.37,11.75,3.89,21.04,Medium,,UNKNOWN,10000,2
2026-06-10,jordan horston,Jordan Horston,SEA,LAS,SEA vs LAS,PA,Pts+Ast,6.66,6.24,3.1,10.73,3.11,19.83,Medium,,UNKNOWN,10000,2
2026-06-10,mackenzie holmes,Mackenzie Holmes,SEA,LAS,SEA vs LAS,PA,Pts+Ast,5.23,4.42,1.42,10.14,3.66,15.27,Medium,,UNKNOWN,10000,2
2026-06-10,lexie brown,Lexie Brown,SEA,LAS,SEA vs LAS,PA,Pts+Ast,4.6,3.7,1.07,9.3,3.64,12.87,Medium,,UNKNOWN,10000,2
2026-06-10,joyner holmes,Joyner Holmes,SEA,LAS,SEA vs LAS,PA,Pts+Ast,4.38,4.35,3.6,5.2,0.63,13.26,High,,UNKNOWN,10000,3
2026-06-10,taylor thierry,Taylor Thierry,SEA,LAS,SEA vs LAS,PA,Pts+Ast,2.79,2.27,0.49,5.69,2.27,11.78,Low,,UNKNOWN,10000,1
2026-06-10,taina mair,Taina Mair,SEA,LAS,SEA vs LAS,PA,Pts+Ast,1.44,1.42,1.03,1.87,0.33,8.0,High,,UNKNOWN,10000,3
2026-06-10,natisha hiedeman,Natisha Hiedeman,SEA,LAS,SEA vs LAS,PR,Pts+Reb,16.96,16.73,11.44,22.75,4.44,27.23,Medium,,UNKNOWN,10000,2
2026-06-10,awa fam,Awa Fam,SEA,LAS,SEA vs LAS,PR,Pts+Reb,15.61,15.25,10.39,21.34,4.29,26.29,Medium,,UNKNOWN,10000,2
2026-06-10,flau'jae johnson,Flau'jae Johnson,SEA,LAS,SEA vs LAS,PR,Pts+Reb,15.19,14.86,10.34,20.4,3.99,25.29,Medium,,UNKNOWN,10000,2
2026-06-10,dominique malonga,Dominique Malonga,SEA,LAS,SEA vs LAS,PR,Pts+Reb,14.03,12.79,5.58,24.02,7.56,22.63,Low,,UNKNOWN,10000,1
2026-06-10,jade melbourne,Jade Melbourne,SEA,LAS,SEA vs LAS,PR,Pts+Reb,12.16,11.79,7.48,17.28,3.87,21.07,Medium,,UNKNOWN,10000,2
2026-06-10,ezi magbegor,Ezi Magbegor,SEA,LAS,SEA vs LAS,PR,Pts+Reb,9.51,9.47,8.27,10.77,0.98,23.94,High,,UNKNOWN,10000,3
2026-06-10,zia cooke,Zia Cooke,SEA,LAS,SEA vs LAS,PR,Pts+Reb,9.35,8.61,3.89,15.72,4.89,16.62,Low,,UNKNOWN,10000,1
2026-06-10,jordan horston,Jordan Horston,SEA,LAS,SEA vs LAS,PR,Pts+Reb,9.12,8.7,5.39,13.34,3.2,19.83,Medium,,UNKNOWN,10000,2
2026-06-10,mackenzie holmes,Mackenzie Holmes,SEA,LAS,SEA vs LAS,PR,Pts+Reb,8.77,8.06,3.73,14.73,4.46,15.27,Medium,,UNKNOWN,10000,2
2026-06-10,joyner holmes,Joyner Holmes,SEA,LAS,SEA vs LAS,PR,Pts+Reb,8.11,8.07,6.73,9.52,1.11,13.26,High,,UNKNOWN,10000,3
2026-06-10,stefanie dolson,Stefanie Dolson,SEA,LAS,SEA vs LAS,PR,Pts+Reb,8.09,7.39,3.8,13.17,3.9,21.04,Medium,,UNKNOWN,10000,2
2026-06-10,katie lou samuelson,Katie Lou Samuelson,SEA,LAS,SEA vs LAS,PR,Pts+Reb,7.76,7.57,5.04,10.68,2.22,16.96,Medium,,UNKNOWN,10000,2
2026-06-10,lexie brown,Lexie Brown,SEA,LAS,SEA vs LAS,PR,Pts+Reb,5.16,4.29,1.33,10.0,3.77,12.87,Medium,,UNKNOWN,10000,2
2026-06-10,taylor thierry,Taylor Thierry,SEA,LAS,SEA vs LAS,PR,Pts+Reb,4.2,3.7,1.68,7.23,2.42,11.78,Low,,UNKNOWN,10000,1
2026-06-10,taina mair,Taina Mair,SEA,LAS,SEA vs LAS,PR,Pts+Reb,0.98,0.96,0.68,1.3,0.24,8.0,High,,UNKNOWN,10000,3
2026-06-10,natisha hiedeman,Natisha Hiedeman,SEA,LAS,SEA vs LAS,PRA,Pts+Reb+Ast,21.12,20.85,15.3,27.21,4.7,27.23,Medium,,UNKNOWN,10000,2
2026-06-10,awa fam,Awa Fam,SEA,LAS,SEA vs LAS,PRA,Pts+Reb+Ast,17.48,17.1,11.98,23.52,4.53,26.29,Medium,,UNKNOWN,10000,2
2026-06-10,flau'jae johnson,Flau'jae Johnson,SEA,LAS,SEA vs LAS,PRA,Pts+Reb+Ast,17.48,17.15,12.36,23.0,4.24,25.29,Medium,,UNKNOWN,10000,2
2026-06-10,jade melbourne,Jade Melbourne,SEA,LAS,SEA vs LAS,PRA,Pts+Reb+Ast,15.32,14.98,10.19,20.9,4.23,21.07,Medium,,UNKNOWN,10000,2
2026-06-10,dominique malonga,Dominique Malonga,SEA,LAS,SEA vs LAS,PRA,Pts+Reb+Ast,14.66,13.41,6.13,24.8,7.62,22.63,Low,,UNKNOWN,10000,1
2026-06-10,ezi magbegor,Ezi Magbegor,SEA,LAS,SEA vs LAS,PRA,Pts+Reb+Ast,11.35,11.31,10.03,12.71,1.05,23.94,High,,UNKNOWN,10000,3
2026-06-10,zia cooke,Zia Cooke,SEA,LAS,SEA vs LAS,PRA,Pts+Reb+Ast,10.71,9.96,5.03,17.31,5.02,16.62,Low,,UNKNOWN,10000,1
2026-06-10,jordan horston,Jordan Horston,SEA,LAS,SEA vs LAS,PRA,Pts+Reb+Ast,10.55,10.14,6.69,14.89,3.31,19.83,Medium,,UNKNOWN,10000,2
2026-06-10,mackenzie holmes,Mackenzie Holmes,SEA,LAS,SEA vs LAS,PRA,Pts+Reb+Ast,9.59,8.9,4.43,15.67,4.55,15.27,Medium,,UNKNOWN,10000,2
2026-06-10,stefanie dolson,Stefanie Dolson,SEA,LAS,SEA vs LAS,PRA,Pts+Reb+Ast,9.55,8.88,5.12,14.8,4.0,21.04,Medium,,UNKNOWN,10000,2
2026-06-10,katie lou samuelson,Katie Lou Samuelson,SEA,LAS,SEA vs LAS,PRA,Pts+Reb+Ast,9.45,9.3,6.56,12.59,2.36,16.96,Medium,,UNKNOWN,10000,2
2026-06-10,joyner holmes,Joyner Holmes,SEA,LAS,SEA vs LAS,PRA,Pts+Reb+Ast,9.27,9.24,7.8,10.8,1.18,13.26,High,,UNKNOWN,10000,3
2026-06-10,lexie brown,Lexie Brown,SEA,LAS,SEA vs LAS,PRA,Pts+Reb+Ast,6.02,5.17,2.11,11.06,3.85,12.87,Medium,,UNKNOWN,10000,2
2026-06-10,taylor thierry,Taylor Thierry,SEA,LAS,SEA vs LAS,PRA,Pts+Reb+Ast,4.43,3.94,1.9,7.48,2.43,11.78,Low,,UNKNOWN,10000,1
2026-06-10,taina mair,Taina Mair,SEA,LAS,SEA vs LAS,PRA,Pts+Reb+Ast,2.11,2.09,1.58,2.66,0.42,8.0,High,,UNKNOWN,10000,3
2026-06-10,natisha hiedeman,Natisha Hiedeman,SEA,LAS,SEA vs LAS,PTS,Points,14.0,13.76,8.7,19.61,4.32,27.23,Medium,,UNKNOWN,10000,2
2026-06-10,awa fam,Awa Fam,SEA,LAS,SEA vs LAS,PTS,Points,10.05,9.67,5.48,15.08,3.82,26.29,Medium,,UNKNOWN,10000,2
2026-06-10,dominique malonga,Dominique Malonga,SEA,LAS,SEA vs LAS,PTS,Points,9.83,8.53,2.3,18.98,6.9,22.63,Low,,UNKNOWN,10000,1
2026-06-10,flau'jae johnson,Flau'jae Johnson,SEA,LAS,SEA vs LAS,PTS,Points,9.79,9.42,5.6,14.38,3.51,25.29,Medium,,UNKNOWN,10000,2
2026-06-10,jade melbourne,Jade Melbourne,SEA,LAS,SEA vs LAS,PTS,Points,9.05,8.63,4.67,13.84,3.65,21.07,Medium,,UNKNOWN,10000,2
2026-06-10,zia cooke,Zia Cooke,SEA,LAS,SEA vs LAS,PTS,Points,7.28,6.55,2.05,13.46,4.7,16.62,Low,,UNKNOWN,10000,1
2026-06-10,ezi magbegor,Ezi Magbegor,SEA,LAS,SEA vs LAS,PTS,Points,6.49,6.46,5.44,7.58,0.84,23.94,High,,UNKNOWN,10000,3
2026-06-10,jordan horston,Jordan Horston,SEA,LAS,SEA vs LAS,PTS,Points,5.23,4.81,1.81,9.17,3.0,19.83,Medium,,UNKNOWN,10000,2
2026-06-10,stefanie dolson,Stefanie Dolson,SEA,LAS,SEA vs LAS,PTS,Points,5.21,4.51,1.02,10.05,3.79,21.04,Medium,,UNKNOWN,10000,2
2026-06-10,katie lou samuelson,Katie Lou Samuelson,SEA,LAS,SEA vs LAS,PTS,Points,5.02,4.84,2.55,7.77,2.06,16.96,Medium,,UNKNOWN,10000,2
2026-06-10,mackenzie holmes,Mackenzie Holmes,SEA,LAS,SEA vs LAS,PTS,Points,4.41,3.62,0.67,9.18,3.59,15.27,Medium,,UNKNOWN,10000,2
2026-06-10,lexie brown,Lexie Brown,SEA,LAS,SEA vs LAS,PTS,Points,3.74,2.84,0.25,8.31,3.56,12.87,Medium,,UNKNOWN,10000,2
2026-06-10,joyner holmes,Joyner Holmes,SEA,LAS,SEA vs LAS,PTS,Points,3.22,3.18,2.53,3.95,0.55,13.26,High,,UNKNOWN,10000,3
2026-06-10,taylor thierry,Taylor Thierry,SEA,LAS,SEA vs LAS,PTS,Points,2.56,2.04,0.26,5.44,2.27,11.78,Low,,UNKNOWN,10000,1
2026-06-10,taina mair,Taina Mair,SEA,LAS,SEA vs LAS,PTS,Points,0.31,0.3,0.16,0.48,0.13,8.0,High,,UNKNOWN,10000,3
2026-06-10,flau'jae johnson,Flau'jae Johnson,SEA,LAS,SEA vs LAS,RA,Reb+Ast,7.69,7.5,4.98,10.59,2.21,25.29,Medium,,UNKNOWN,10000,2
2026-06-10,awa fam,Awa Fam,SEA,LAS,SEA vs LAS,RA,Reb+Ast,7.44,7.27,5.01,10.1,2.01,26.29,Medium,,UNKNOWN,10000,2
2026-06-10,natisha hiedeman,Natisha Hiedeman,SEA,LAS,SEA vs LAS,RA,Reb+Ast,7.12,7.04,5.04,9.32,1.68,27.23,Medium,,UNKNOWN,10000,2
2026-06-10,jade melbourne,Jade Melbourne,SEA,LAS,SEA vs LAS,RA,Reb+Ast,6.27,6.11,4.1,8.64,1.81,21.07,Medium,,UNKNOWN,10000,2
2026-06-10,joyner holmes,Joyner Holmes,SEA,LAS,SEA vs LAS,RA,Reb+Ast,6.06,6.0,4.93,7.23,0.91,13.26,High,,UNKNOWN,10000,3
2026-06-10,jordan horston,Jordan Horston,SEA,LAS,SEA vs LAS,RA,Reb+Ast,5.32,5.23,3.69,7.05,1.33,19.83,Medium,,UNKNOWN,10000,2
2026-06-10,mackenzie holmes,Mackenzie Holmes,SEA,LAS,SEA vs LAS,RA,Reb+Ast,5.18,4.81,2.3,8.49,2.51,15.27,Medium,,UNKNOWN,10000,2
2026-06-10,ezi magbegor,Ezi Magbegor,SEA,LAS,SEA vs LAS,RA,Reb+Ast,4.86,4.84,4.24,5.49,0.49,23.94,High,,UNKNOWN,10000,3
2026-06-10,dominique malonga,Dominique Malonga,SEA,LAS,SEA vs LAS,RA,Reb+Ast,4.83,4.44,1.78,8.39,2.65,22.63,Low,,UNKNOWN,10000,1
2026-06-10,katie lou samuelson,Katie Lou Samuelson,SEA,LAS,SEA vs LAS,RA,Reb+Ast,4.42,4.35,3.12,5.85,1.07,16.96,Medium,,UNKNOWN,10000,2
2026-06-10,stefanie dolson,Stefanie Dolson,SEA,LAS,SEA vs LAS,RA,Reb+Ast,4.34,4.24,2.98,5.84,1.14,21.04,Medium,,UNKNOWN,10000,2
2026-06-10,zia cooke,Zia Cooke,SEA,LAS,SEA vs LAS,RA,Reb+Ast,3.43,3.26,1.67,5.41,1.49,16.62,Low,,UNKNOWN,10000,1
2026-06-10,lexie brown,Lexie Brown,SEA,LAS,SEA vs LAS,RA,Reb+Ast,2.28,2.08,0.93,3.9,1.2,12.87,Medium,,UNKNOWN,10000,2
2026-06-10,taylor thierry,Taylor Thierry,SEA,LAS,SEA vs LAS,RA,Reb+Ast,1.88,1.77,0.94,2.95,0.8,11.78,Low,,UNKNOWN,10000,1
2026-06-10,taina mair,Taina Mair,SEA,LAS,SEA vs LAS,RA,Reb+Ast,1.8,1.78,1.33,2.29,0.37,8.0,High,,UNKNOWN,10000,3
2026-06-10,awa fam,Awa Fam,SEA,LAS,SEA vs LAS,REB,Rebounds,5.56,5.43,3.68,7.63,1.57,26.29,Medium,,UNKNOWN,10000,2
2026-06-10,flau'jae johnson,Flau'jae Johnson,SEA,LAS,SEA vs LAS,REB,Rebounds,5.4,5.26,3.23,7.73,1.78,25.29,Medium,,UNKNOWN,10000,2
2026-06-10,joyner holmes,Joyner Holmes,SEA,LAS,SEA vs LAS,REB,Rebounds,4.89,4.84,3.86,5.98,0.84,13.26,High,,UNKNOWN,10000,3
2026-06-10,mackenzie holmes,Mackenzie Holmes,SEA,LAS,SEA vs LAS,REB,Rebounds,4.36,3.96,1.63,7.56,2.41,15.27,Medium,,UNKNOWN,10000,2
2026-06-10,dominique malonga,Dominique Malonga,SEA,LAS,SEA vs LAS,REB,Rebounds,4.21,3.81,1.26,7.68,2.57,22.63,Low,,UNKNOWN,10000,1
2026-06-10,jordan horston,Jordan Horston,SEA,LAS,SEA vs LAS,REB,Rebounds,3.89,3.81,2.58,5.32,1.09,19.83,Medium,,UNKNOWN,10000,2
2026-06-10,jade melbourne,Jade Melbourne,SEA,LAS,SEA vs LAS,REB,Rebounds,3.11,3.03,1.95,4.38,0.96,21.07,Medium,,UNKNOWN,10000,2
2026-06-10,ezi magbegor,Ezi Magbegor,SEA,LAS,SEA vs LAS,REB,Rebounds,3.02,3.01,2.53,3.53,0.4,23.94,High,,UNKNOWN,10000,3
2026-06-10,natisha hiedeman,Natisha Hiedeman,SEA,LAS,SEA vs LAS,REB,Rebounds,2.96,2.9,1.85,4.15,0.91,27.23,Medium,,UNKNOWN,10000,2
2026-06-10,stefanie dolson,Stefanie Dolson,SEA,LAS,SEA vs LAS,REB,Rebounds,2.88,2.82,1.95,3.88,0.77,21.04,Medium,,UNKNOWN,10000,2
2026-06-10,katie lou samuelson,Katie Lou Samuelson,SEA,LAS,SEA vs LAS,REB,Rebounds,2.73,2.68,1.79,3.72,0.76,16.96,Medium,,UNKNOWN,10000,2
2026-06-10,zia cooke,Zia Cooke,SEA,LAS,SEA vs LAS,REB,Rebounds,2.07,1.91,0.72,3.63,1.17,16.62,Low,,UNKNOWN,10000,1
2026-06-10,taylor thierry,Taylor Thierry,SEA,LAS,SEA vs LAS,REB,Rebounds,1.65,1.55,0.73,2.7,0.79,11.78,Low,,UNKNOWN,10000,1
2026-06-10,lexie brown,Lexie Brown,SEA,LAS,SEA vs LAS,REB,Rebounds,1.42,1.2,0.29,2.84,1.05,12.87,Medium,,UNKNOWN,10000,2
2026-06-10,taina mair,Taina Mair,SEA,LAS,SEA vs LAS,REB,Rebounds,0.67,0.65,0.44,0.91,0.18,8.0,High,,UNKNOWN,10000,3
2026-06-10,joyner holmes,Joyner Holmes,SEA,LAS,SEA vs LAS,SB,Stl+Blk,3.03,3.0,2.43,3.66,0.48,13.26,High,,UNKNOWN,10000,3
2026-06-10,flau'jae johnson,Flau'jae Johnson,SEA,LAS,SEA vs LAS,SB,Stl+Blk,2.31,2.18,1.16,3.61,0.99,25.29,Medium,,UNKNOWN,10000,2
2026-06-10,awa fam,Awa Fam,SEA,LAS,SEA vs LAS,SB,Stl+Blk,2.22,2.04,0.88,3.79,1.21,26.29,Medium,,UNKNOWN,10000,2
2026-06-10,jordan horston,Jordan Horston,SEA,LAS,SEA vs LAS,SB,Stl+Blk,2.1,1.89,0.69,3.77,1.27,19.83,Medium,,UNKNOWN,10000,2
2026-06-10,dominique malonga,Dominique Malonga,SEA,LAS,SEA vs LAS,SB,Stl+Blk,1.83,1.73,0.89,2.89,0.8,22.63,Low,,UNKNOWN,10000,1
2026-06-10,stefanie dolson,Stefanie Dolson,SEA,LAS,SEA vs LAS,SB,Stl+Blk,1.57,1.46,0.67,2.61,0.79,21.04,Medium,,UNKNOWN,10000,2
2026-06-10,jade melbourne,Jade Melbourne,SEA,LAS,SEA vs LAS,SB,Stl+Blk,1.55,1.42,0.61,2.67,0.84,21.07,Medium,,UNKNOWN,10000,2
2026-06-10,natisha hiedeman,Natisha Hiedeman,SEA,LAS,SEA vs LAS,SB,Stl+Blk,1.54,1.45,0.65,2.54,0.76,27.23,Medium,,UNKNOWN,10000,2
2026-06-10,mackenzie holmes,Mackenzie Holmes,SEA,LAS,SEA vs LAS,SB,Stl+Blk,1.47,1.3,0.49,2.65,0.89,15.27,Medium,,UNKNOWN,10000,2
2026-06-10,ezi magbegor,Ezi Magbegor,SEA,LAS,SEA vs LAS,SB,Stl+Blk,1.2,1.19,0.98,1.43,0.17,23.94,High,,UNKNOWN,10000,3
2026-06-10,katie lou samuelson,Katie Lou Samuelson,SEA,LAS,SEA vs LAS,SB,Stl+Blk,1.1,1.03,0.47,1.81,0.54,16.96,Medium,,UNKNOWN,10000,2
2026-06-10,lexie brown,Lexie Brown,SEA,LAS,SEA vs LAS,SB,Stl+Blk,0.99,0.86,0.28,1.87,0.67,12.87,Medium,,UNKNOWN,10000,2
2026-06-10,zia cooke,Zia Cooke,SEA,LAS,SEA vs LAS,SB,Stl+Blk,0.71,0.66,0.3,1.19,0.36,16.62,Low,,UNKNOWN,10000,1
2026-06-10,taylor thierry,Taylor Thierry,SEA,LAS,SEA vs LAS,SB,Stl+Blk,0.47,0.45,0.26,0.7,0.17,11.78,Low,,UNKNOWN,10000,1
2026-06-10,taina mair,Taina Mair,SEA,LAS,SEA vs LAS,SB,Stl+Blk,0.44,0.42,0.25,0.67,0.17,8.0,High,,UNKNOWN,10000,3
2026-06-10,awa fam,Awa Fam,SEA,LAS,SEA vs LAS,STL,Steals,1.48,1.28,0.33,2.84,1.06,26.29,Medium,,UNKNOWN,10000,2
2026-06-10,jordan horston,Jordan Horston,SEA,LAS,SEA vs LAS,STL,Steals,1.21,1.04,0.18,2.48,0.96,19.83,Medium,,UNKNOWN,10000,2
2026-06-10,natisha hiedeman,Natisha Hiedeman,SEA,LAS,SEA vs LAS,STL,Steals,1.18,1.07,0.36,2.1,0.71,27.23,Medium,,UNKNOWN,10000,2
2026-06-10,dominique malonga,Dominique Malonga,SEA,LAS,SEA vs LAS,STL,Steals,1.1,1.01,0.45,1.87,0.57,22.63,Low,,UNKNOWN,10000,1
2026-06-10,jade melbourne,Jade Melbourne,SEA,LAS,SEA vs LAS,STL,Steals,1.1,0.96,0.26,2.1,0.76,21.07,Medium,,UNKNOWN,10000,2
2026-06-10,flau'jae johnson,Flau'jae Johnson,SEA,LAS,SEA vs LAS,STL,Steals,0.96,0.91,0.43,1.55,0.45,25.29,Medium,,UNKNOWN,10000,2
2026-06-10,katie lou samuelson,Katie Lou Samuelson,SEA,LAS,SEA vs LAS,STL,Steals,0.91,0.84,0.3,1.61,0.53,16.96,Medium,,UNKNOWN,10000,2
2026-06-10,mackenzie holmes,Mackenzie Holmes,SEA,LAS,SEA vs LAS,STL,Steals,0.91,0.75,0.15,1.88,0.73,15.27,Medium,,UNKNOWN,10000,2
2026-06-10,ezi magbegor,Ezi Magbegor,SEA,LAS,SEA vs LAS,STL,Steals,0.77,0.77,0.62,0.93,0.12,23.94,High,,UNKNOWN,10000,3
2026-06-10,lexie brown,Lexie Brown,SEA,LAS,SEA vs LAS,STL,Steals,0.75,0.61,0.11,1.57,0.62,12.87,Medium,,UNKNOWN,10000,2
2026-06-10,stefanie dolson,Stefanie Dolson,SEA,LAS,SEA vs LAS,STL,Steals,0.68,0.6,0.16,1.3,0.47,21.04,Medium,,UNKNOWN,10000,2
2026-06-10,zia cooke,Zia Cooke,SEA,LAS,SEA vs LAS,STL,Steals,0.54,0.48,0.16,0.98,0.34,16.62,Low,,UNKNOWN,10000,1
2026-06-10,joyner holmes,Joyner Holmes,SEA,LAS,SEA vs LAS,STL,Steals,0.45,0.44,0.3,0.62,0.13,13.26,High,,UNKNOWN,10000,3
2026-06-10,taina mair,Taina Mair,SEA,LAS,SEA vs LAS,STL,Steals,0.3,0.28,0.15,0.46,0.13,8.0,High,,UNKNOWN,10000,3
2026-06-10,taylor thierry,Taylor Thierry,SEA,LAS,SEA vs LAS,STL,Steals,0.3,0.29,0.15,0.47,0.13,11.78,Low,,UNKNOWN,10000,1
2026-06-10,julie allemand,Julie Allemand,TOR,CON,TOR vs CON,AST,Assists,3.71,3.6,2.21,5.37,1.24,22.76,Low,,UNKNOWN,10000,1
2026-06-10,marina mabrey,Marina Mabrey,TOR,CON,TOR vs CON,AST,Assists,3.71,3.5,1.66,5.97,1.72,28.53,Low,,UNKNOWN,10000,1
2026-06-10,brittney sykes,Brittney Sykes,TOR,CON,TOR vs CON,AST,Assists,3.67,3.53,1.9,5.65,1.49,30.9,Low,,UNKNOWN,10000,1
2026-06-10,kiki rice,Kiki Rice,TOR,CON,TOR vs CON,AST,Assists,2.79,2.62,1.23,4.55,1.32,26.95,Low,,UNKNOWN,10000,1
2026-06-10,nyara sabally,Nyara Sabally,TOR,CON,TOR vs CON,AST,Assists,2.16,2.01,0.82,3.63,1.13,26.32,Low,,UNKNOWN,10000,1
2026-06-10,laura juskaite,Laura Juskaite,TOR,CON,TOR vs CON,AST,Assists,1.73,1.61,0.67,2.94,0.91,22.07,Low,,UNKNOWN,10000,1
2026-06-10,temi fagbenle,Temi Fagbenle,TOR,CON,TOR vs CON,AST,Assists,1.44,1.42,1.14,1.74,0.23,15.08,High,,UNKNOWN,10000,3
2026-06-10,maria conde,Maria Conde,TOR,CON,TOR vs CON,AST,Assists,1.31,1.21,0.45,2.28,0.74,21.35,Low,,UNKNOWN,10000,1
2026-06-10,isabelle harrison,Isabelle Harrison,TOR,CON,TOR vs CON,AST,Assists,1.05,1.05,0.87,1.23,0.14,23.31,High,,UNKNOWN,10000,3
2026-06-10,mariella fasoula,Mariella Fasoula,TOR,CON,TOR vs CON,AST,Assists,0.78,0.65,0.15,1.57,0.59,12.31,Low,,UNKNOWN,10000,1
2026-06-10,teonni key,Teonni Key,TOR,CON,TOR vs CON,AST,Assists,0.53,0.47,0.14,1.0,0.35,10.05,Medium,,UNKNOWN,10000,2
2026-06-10,kia nurse,Kia Nurse,TOR,CON,TOR vs CON,AST,Assists,0.52,0.4,0.05,1.15,0.47,13.25,Low,,UNKNOWN,10000,1
2026-06-10,nikolina milic,Nikolina Milic,TOR,CON,TOR vs CON,AST,Assists,0.52,0.46,0.13,0.98,0.35,10.88,Medium,,UNKNOWN,10000,2
2026-06-10,tima pouye,Tima Pouye,TOR,CON,TOR vs CON,AST,Assists,0.28,0.27,0.13,0.45,0.13,8.02,Medium,,UNKNOWN,10000,2
2026-06-10,mariella fasoula,Mariella Fasoula,TOR,CON,TOR vs CON,BLK,Blocks,1.23,0.97,0.16,2.65,1.07,12.31,Low,,UNKNOWN,10000,1
2026-06-10,nyara sabally,Nyara Sabally,TOR,CON,TOR vs CON,BLK,Blocks,1.22,1.17,0.62,1.89,0.51,26.32,Low,,UNKNOWN,10000,1
2026-06-10,teonni key,Teonni Key,TOR,CON,TOR vs CON,BLK,Blocks,0.6,0.54,0.19,1.11,0.37,10.05,Medium,,UNKNOWN,10000,2
2026-06-10,brittney sykes,Brittney Sykes,TOR,CON,TOR vs CON,BLK,Blocks,0.52,0.46,0.13,0.97,0.35,30.9,Low,,UNKNOWN,10000,1
2026-06-10,marina mabrey,Marina Mabrey,TOR,CON,TOR vs CON,BLK,Blocks,0.48,0.42,0.11,0.93,0.34,28.53,Low,,UNKNOWN,10000,1
2026-06-10,julie allemand,Julie Allemand,TOR,CON,TOR vs CON,BLK,Blocks,0.4,0.33,0.05,0.84,0.34,22.76,Low,,UNKNOWN,10000,1
2026-06-10,kiki rice,Kiki Rice,TOR,CON,TOR vs CON,BLK,Blocks,0.35,0.31,0.1,0.63,0.21,26.95,Low,,UNKNOWN,10000,1
2026-06-10,maria conde,Maria Conde,TOR,CON,TOR vs CON,BLK,Blocks,0.34,0.3,0.09,0.63,0.22,21.35,Low,,UNKNOWN,10000,1
2026-06-10,laura juskaite,Laura Juskaite,TOR,CON,TOR vs CON,BLK,Blocks,0.31,0.27,0.08,0.59,0.21,22.07,Low,,UNKNOWN,10000,1
2026-06-10,isabelle harrison,Isabelle Harrison,TOR,CON,TOR vs CON,BLK,Blocks,0.26,0.25,0.13,0.4,0.11,23.31,High,,UNKNOWN,10000,3
2026-06-10,temi fagbenle,Temi Fagbenle,TOR,CON,TOR vs CON,BLK,Blocks,0.22,0.21,0.09,0.36,0.11,15.08,High,,UNKNOWN,10000,3
2026-06-10,nikolina milic,Nikolina Milic,TOR,CON,TOR vs CON,BLK,Blocks,0.21,0.19,0.08,0.35,0.11,10.88,Medium,,UNKNOWN,10000,2
2026-06-10,kia nurse,Kia Nurse,TOR,CON,TOR vs CON,BLK,Blocks,0.15,0.13,0.03,0.3,0.11,13.25,Low,,UNKNOWN,10000,1
2026-06-10,tima pouye,Tima Pouye,TOR,CON,TOR vs CON,BLK,Blocks,0.11,0.08,0.01,0.23,0.1,8.02,Medium,,UNKNOWN,10000,2
2026-06-10,marina mabrey,Marina Mabrey,TOR,CON,TOR vs CON,FG3M,3PM,2.69,2.53,1.11,4.43,1.34,28.53,Low,,UNKNOWN,10000,1
2026-06-10,maria conde,Maria Conde,TOR,CON,TOR vs CON,FG3M,3PM,1.43,1.28,0.38,2.64,0.92,21.35,Low,,UNKNOWN,10000,1
2026-06-10,brittney sykes,Brittney Sykes,TOR,CON,TOR vs CON,FG3M,3PM,1.29,1.1,0.25,2.53,0.97,30.9,Low,,UNKNOWN,10000,1
2026-06-10,kia nurse,Kia Nurse,TOR,CON,TOR vs CON,FG3M,3PM,1.24,0.87,0.06,2.87,1.28,13.25,Low,,UNKNOWN,10000,1
2026-06-10,laura juskaite,Laura Juskaite,TOR,CON,TOR vs CON,FG3M,3PM,1.21,1.06,0.28,2.31,0.85,22.07,Low,,UNKNOWN,10000,1
2026-06-10,kiki rice,Kiki Rice,TOR,CON,TOR vs CON,FG3M,3PM,0.94,0.78,0.16,1.88,0.74,26.95,Low,,UNKNOWN,10000,1
2026-06-10,julie allemand,Julie Allemand,TOR,CON,TOR vs CON,FG3M,3PM,0.8,0.75,0.36,1.28,0.37,22.76,Low,,UNKNOWN,10000,1
2026-06-10,nyara sabally,Nyara Sabally,TOR,CON,TOR vs CON,FG3M,3PM,0.74,0.58,0.06,1.58,0.68,26.32,Low,,UNKNOWN,10000,1
2026-06-10,teonni key,Teonni Key,TOR,CON,TOR vs CON,FG3M,3PM,0.35,0.27,0.03,0.77,0.33,10.05,Medium,,UNKNOWN,10000,2
2026-06-10,isabelle harrison,Isabelle Harrison,TOR,CON,TOR vs CON,FG3M,3PM,0.3,0.29,0.17,0.44,0.11,23.31,High,,UNKNOWN,10000,3
2026-06-10,temi fagbenle,Temi Fagbenle,TOR,CON,TOR vs CON,FG3M,3PM,0.23,0.22,0.1,0.37,0.1,15.08,High,,UNKNOWN,10000,3
2026-06-10,nikolina milic,Nikolina Milic,TOR,CON,TOR vs CON,FG3M,3PM,0.16,0.14,0.04,0.3,0.1,10.88,Medium,,UNKNOWN,10000,2
2026-06-10,mariella fasoula,Mariella Fasoula,TOR,CON,TOR vs CON,FG3M,3PM,0.15,0.12,0.03,0.32,0.12,12.31,Low,,UNKNOWN,10000,1
2026-06-10,tima pouye,Tima Pouye,TOR,CON,TOR vs CON,FG3M,3PM,0.13,0.11,0.02,0.26,0.1,8.02,Medium,,UNKNOWN,10000,2
2026-06-10,brittney sykes,Brittney Sykes,TOR,CON,TOR vs CON,PA,Pts+Ast,21.04,20.23,12.37,30.64,7.26,30.9,Low,,UNKNOWN,10000,1
2026-06-10,marina mabrey,Marina Mabrey,TOR,CON,TOR vs CON,PA,Pts+Ast,20.93,20.35,12.85,29.59,6.64,28.53,Low,,UNKNOWN,10000,1
2026-06-10,kiki rice,Kiki Rice,TOR,CON,TOR vs CON,PA,Pts+Ast,14.86,14.39,9.13,21.23,4.79,26.95,Low,,UNKNOWN,10000,1
2026-06-10,nyara sabally,Nyara Sabally,TOR,CON,TOR vs CON,PA,Pts+Ast,12.86,12.27,6.71,19.89,5.23,26.32,Low,,UNKNOWN,10000,1
2026-06-10,julie allemand,Julie Allemand,TOR,CON,TOR vs CON,PA,Pts+Ast,9.54,9.41,6.69,12.57,2.29,22.76,Low,,UNKNOWN,10000,1
2026-06-10,laura juskaite,Laura Juskaite,TOR,CON,TOR vs CON,PA,Pts+Ast,9.19,8.75,4.85,14.04,3.69,22.07,Low,,UNKNOWN,10000,1
2026-06-10,maria conde,Maria Conde,TOR,CON,TOR vs CON,PA,Pts+Ast,8.54,8.08,4.27,13.38,3.64,21.35,Low,,UNKNOWN,10000,1
2026-06-10,kia nurse,Kia Nurse,TOR,CON,TOR vs CON,PA,Pts+Ast,5.65,4.31,0.84,12.03,5.02,13.25,Low,,UNKNOWN,10000,1
2026-06-10,temi fagbenle,Temi Fagbenle,TOR,CON,TOR vs CON,PA,Pts+Ast,3.78,3.76,3.18,4.4,0.48,15.08,High,,UNKNOWN,10000,3
2026-06-10,isabelle harrison,Isabelle Harrison,TOR,CON,TOR vs CON,PA,Pts+Ast,3.55,3.54,3.09,4.02,0.37,23.31,High,,UNKNOWN,10000,3
2026-06-10,nikolina milic,Nikolina Milic,TOR,CON,TOR vs CON,PA,Pts+Ast,3.13,2.75,0.99,5.74,1.98,10.88,Medium,,UNKNOWN,10000,2
2026-06-10,mariella fasoula,Mariella Fasoula,TOR,CON,TOR vs CON,PA,Pts+Ast,3.11,2.62,0.86,6.0,2.2,12.31,Low,,UNKNOWN,10000,1
2026-06-10,teonni key,Teonni Key,TOR,CON,TOR vs CON,PA,Pts+Ast,2.75,2.47,0.98,4.87,1.59,10.05,Medium,,UNKNOWN,10000,2
2026-06-10,tima pouye,Tima Pouye,TOR,CON,TOR vs CON,PA,Pts+Ast,2.55,2.52,1.82,3.32,0.59,8.02,Medium,,UNKNOWN,10000,2
2026-06-10,brittney sykes,Brittney Sykes,TOR,CON,TOR vs CON,PR,Pts+Reb,21.54,20.79,12.76,31.24,7.36,30.9,Low,,UNKNOWN,10000,1
2026-06-10,marina mabrey,Marina Mabrey,TOR,CON,TOR vs CON,PR,Pts+Reb,21.38,20.83,13.47,29.89,6.52,28.53,Low,,UNKNOWN,10000,1
2026-06-10,kiki rice,Kiki Rice,TOR,CON,TOR vs CON,PR,Pts+Reb,16.84,16.38,10.77,23.52,5.03,26.95,Low,,UNKNOWN,10000,1
2026-06-10,nyara sabally,Nyara Sabally,TOR,CON,TOR vs CON,PR,Pts+Reb,15.99,15.45,9.69,22.97,5.3,26.32,Low,,UNKNOWN,10000,1
2026-06-10,maria conde,Maria Conde,TOR,CON,TOR vs CON,PR,Pts+Reb,11.13,10.73,6.29,16.56,4.04,21.35,Low,,UNKNOWN,10000,1
2026-06-10,laura juskaite,Laura Juskaite,TOR,CON,TOR vs CON,PR,Pts+Reb,11.05,10.58,6.46,16.23,3.89,22.07,Low,,UNKNOWN,10000,1
2026-06-10,julie allemand,Julie Allemand,TOR,CON,TOR vs CON,PR,Pts+Reb,8.73,8.57,6.1,11.59,2.15,22.76,Low,,UNKNOWN,10000,1
2026-06-10,kia nurse,Kia Nurse,TOR,CON,TOR vs CON,PR,Pts+Reb,6.42,5.14,1.46,13.02,5.11,13.25,Low,,UNKNOWN,10000,1
2026-06-10,teonni key,Teonni Key,TOR,CON,TOR vs CON,PR,Pts+Reb,4.87,4.58,2.27,7.84,2.19,10.05,Medium,,UNKNOWN,10000,2
2026-06-10,nikolina milic,Nikolina Milic,TOR,CON,TOR vs CON,PR,Pts+Reb,4.34,3.97,1.99,7.16,2.14,10.88,Medium,,UNKNOWN,10000,2
2026-06-10,isabelle harrison,Isabelle Harrison,TOR,CON,TOR vs CON,PR,Pts+Reb,4.31,4.29,3.77,4.87,0.43,23.31,High,,UNKNOWN,10000,3
2026-06-10,temi fagbenle,Temi Fagbenle,TOR,CON,TOR vs CON,PR,Pts+Reb,4.01,3.99,3.37,4.65,0.51,15.08,High,,UNKNOWN,10000,3
2026-06-10,mariella fasoula,Mariella Fasoula,TOR,CON,TOR vs CON,PR,Pts+Reb,3.92,3.41,1.61,6.86,2.26,12.31,Low,,UNKNOWN,10000,1
2026-06-10,tima pouye,Tima Pouye,TOR,CON,TOR vs CON,PR,Pts+Reb,2.82,2.79,2.05,3.62,0.62,8.02,Medium,,UNKNOWN,10000,2
2026-06-10,brittney sykes,Brittney Sykes,TOR,CON,TOR vs CON,PRA,Pts+Reb+Ast,25.22,24.44,16.17,35.28,7.56,30.9,Low,,UNKNOWN,10000,1
2026-06-10,marina mabrey,Marina Mabrey,TOR,CON,TOR vs CON,PRA,Pts+Reb+Ast,25.08,24.54,16.77,33.9,6.79,28.53,Low,,UNKNOWN,10000,1
2026-06-10,kiki rice,Kiki Rice,TOR,CON,TOR vs CON,PRA,Pts+Reb+Ast,19.62,19.17,13.19,26.7,5.31,26.95,Low,,UNKNOWN,10000,1
2026-06-10,nyara sabally,Nyara Sabally,TOR,CON,TOR vs CON,PRA,Pts+Reb+Ast,18.15,17.58,11.65,25.27,5.44,26.32,Low,,UNKNOWN,10000,1
2026-06-10,laura juskaite,Laura Juskaite,TOR,CON,TOR vs CON,PRA,Pts+Reb+Ast,12.78,12.36,8.0,18.15,4.06,22.07,Low,,UNKNOWN,10000,1
2026-06-10,julie allemand,Julie Allemand,TOR,CON,TOR vs CON,PRA,Pts+Reb+Ast,12.44,12.31,9.22,15.91,2.62,22.76,Low,,UNKNOWN,10000,1
2026-06-10,maria conde,Maria Conde,TOR,CON,TOR vs CON,PRA,Pts+Reb+Ast,12.44,12.02,7.45,18.0,4.14,21.35,Low,,UNKNOWN,10000,1
2026-06-10,kia nurse,Kia Nurse,TOR,CON,TOR vs CON,PRA,Pts+Reb+Ast,6.94,5.67,1.92,13.56,5.16,13.25,Low,,UNKNOWN,10000,1
2026-06-10,temi fagbenle,Temi Fagbenle,TOR,CON,TOR vs CON,PRA,Pts+Reb+Ast,5.44,5.43,4.68,6.24,0.62,15.08,High,,UNKNOWN,10000,3
2026-06-10,teonni key,Teonni Key,TOR,CON,TOR vs CON,PRA,Pts+Reb+Ast,5.4,5.12,2.73,8.41,2.26,10.05,Medium,,UNKNOWN,10000,2
2026-06-10,isabelle harrison,Isabelle Harrison,TOR,CON,TOR vs CON,PRA,Pts+Reb+Ast,5.36,5.35,4.76,5.97,0.47,23.31,High,,UNKNOWN,10000,3
2026-06-10,nikolina milic,Nikolina Milic,TOR,CON,TOR vs CON,PRA,Pts+Reb+Ast,4.86,4.5,2.44,7.76,2.18,10.88,Medium,,UNKNOWN,10000,2
2026-06-10,mariella fasoula,Mariella Fasoula,TOR,CON,TOR vs CON,PRA,Pts+Reb+Ast,4.7,4.22,2.16,7.84,2.4,12.31,Low,,UNKNOWN,10000,1
2026-06-10,tima pouye,Tima Pouye,TOR,CON,TOR vs CON,PRA,Pts+Reb+Ast,3.1,3.07,2.27,3.94,0.66,8.02,Medium,,UNKNOWN,10000,2
2026-06-10,brittney sykes,Brittney Sykes,TOR,CON,TOR vs CON,PTS,Points,17.36,16.6,8.95,26.78,7.06,30.9,Low,,UNKNOWN,10000,1
2026-06-10,marina mabrey,Marina Mabrey,TOR,CON,TOR vs CON,PTS,Points,17.22,16.66,9.51,25.5,6.38,28.53,Low,,UNKNOWN,10000,1
2026-06-10,kiki rice,Kiki Rice,TOR,CON,TOR vs CON,PTS,Points,12.08,11.62,6.71,18.06,4.51,26.95,Low,,UNKNOWN,10000,1
2026-06-10,nyara sabally,Nyara Sabally,TOR,CON,TOR vs CON,PTS,Points,10.7,10.05,4.69,17.5,5.09,26.32,Low,,UNKNOWN,10000,1
2026-06-10,laura juskaite,Laura Juskaite,TOR,CON,TOR vs CON,PTS,Points,7.46,7.03,3.33,12.05,3.53,22.07,Low,,UNKNOWN,10000,1
2026-06-10,maria conde,Maria Conde,TOR,CON,TOR vs CON,PTS,Points,7.23,6.74,3.07,11.96,3.54,21.35,Low,,UNKNOWN,10000,1
2026-06-10,julie allemand,Julie Allemand,TOR,CON,TOR vs CON,PTS,Points,5.83,5.66,3.63,8.19,1.8,22.76,Low,,UNKNOWN,10000,1
2026-06-10,kia nurse,Kia Nurse,TOR,CON,TOR vs CON,PTS,Points,5.13,3.8,0.35,11.47,4.98,13.25,Low,,UNKNOWN,10000,1
2026-06-10,nikolina milic,Nikolina Milic,TOR,CON,TOR vs CON,PTS,Points,2.61,2.22,0.51,5.15,1.94,10.88,Medium,,UNKNOWN,10000,2
2026-06-10,isabelle harrison,Isabelle Harrison,TOR,CON,TOR vs CON,PTS,Points,2.5,2.49,2.09,2.92,0.32,23.31,High,,UNKNOWN,10000,3
2026-06-10,temi fagbenle,Temi Fagbenle,TOR,CON,TOR vs CON,PTS,Points,2.34,2.33,1.87,2.83,0.37,15.08,High,,UNKNOWN,10000,3
2026-06-10,mariella fasoula,Mariella Fasoula,TOR,CON,TOR vs CON,PTS,Points,2.33,1.81,0.27,5.05,2.08,12.31,Low,,UNKNOWN,10000,1
2026-06-10,tima pouye,Tima Pouye,TOR,CON,TOR vs CON,PTS,Points,2.27,2.24,1.59,3.0,0.55,8.02,Medium,,UNKNOWN,10000,2
2026-06-10,teonni key,Teonni Key,TOR,CON,TOR vs CON,PTS,Points,2.22,1.92,0.53,4.27,1.53,10.05,Medium,,UNKNOWN,10000,2
2026-06-10,marina mabrey,Marina Mabrey,TOR,CON,TOR vs CON,RA,Reb+Ast,7.86,7.69,5.24,10.66,2.13,28.53,Low,,UNKNOWN,10000,1
2026-06-10,brittney sykes,Brittney Sykes,TOR,CON,TOR vs CON,RA,Reb+Ast,7.85,7.69,4.99,10.93,2.35,30.9,Low,,UNKNOWN,10000,1
2026-06-10,kiki rice,Kiki Rice,TOR,CON,TOR vs CON,RA,Reb+Ast,7.55,7.33,4.69,10.64,2.35,26.95,Low,,UNKNOWN,10000,1
2026-06-10,nyara sabally,Nyara Sabally,TOR,CON,TOR vs CON,RA,Reb+Ast,7.45,7.31,5.25,9.79,1.8,26.32,Low,,UNKNOWN,10000,1
2026-06-10,julie allemand,Julie Allemand,TOR,CON,TOR vs CON,RA,Reb+Ast,6.61,6.51,4.55,8.79,1.67,22.76,Low,,UNKNOWN,10000,1
2026-06-10,laura juskaite,Laura Juskaite,TOR,CON,TOR vs CON,RA,Reb+Ast,5.32,5.17,3.26,7.65,1.72,22.07,Low,,UNKNOWN,10000,1
2026-06-10,maria conde,Maria Conde,TOR,CON,TOR vs CON,RA,Reb+Ast,5.21,5.01,2.94,7.8,1.93,21.35,Low,,UNKNOWN,10000,1
2026-06-10,teonni key,Teonni Key,TOR,CON,TOR vs CON,RA,Reb+Ast,3.18,2.97,1.38,5.21,1.55,10.05,Medium,,UNKNOWN,10000,2
2026-06-10,temi fagbenle,Temi Fagbenle,TOR,CON,TOR vs CON,RA,Reb+Ast,3.1,3.08,2.61,3.61,0.39,15.08,High,,UNKNOWN,10000,3
2026-06-10,isabelle harrison,Isabelle Harrison,TOR,CON,TOR vs CON,RA,Reb+Ast,2.86,2.85,2.5,3.24,0.29,23.31,High,,UNKNOWN,10000,3
2026-06-10,mariella fasoula,Mariella Fasoula,TOR,CON,TOR vs CON,RA,Reb+Ast,2.38,2.27,1.27,3.62,0.93,12.31,Low,,UNKNOWN,10000,1
2026-06-10,nikolina milic,Nikolina Milic,TOR,CON,TOR vs CON,RA,Reb+Ast,2.25,2.15,1.17,3.44,0.9,10.88,Medium,,UNKNOWN,10000,2
2026-06-10,kia nurse,Kia Nurse,TOR,CON,TOR vs CON,RA,Reb+Ast,1.81,1.64,0.62,3.27,1.07,13.25,Low,,UNKNOWN,10000,1
2026-06-10,tima pouye,Tima Pouye,TOR,CON,TOR vs CON,RA,Reb+Ast,0.83,0.81,0.55,1.12,0.22,8.02,Medium,,UNKNOWN,10000,2
2026-06-10,nyara sabally,Nyara Sabally,TOR,CON,TOR vs CON,REB,Rebounds,5.29,5.19,3.6,7.1,1.38,26.32,Low,,UNKNOWN,10000,1
2026-06-10,kiki rice,Kiki Rice,TOR,CON,TOR vs CON,REB,Rebounds,4.76,4.57,2.51,7.22,1.88,26.95,Low,,UNKNOWN,10000,1
2026-06-10,brittney sykes,Brittney Sykes,TOR,CON,TOR vs CON,REB,Rebounds,4.18,4.02,2.07,6.52,1.79,30.9,Low,,UNKNOWN,10000,1
2026-06-10,marina mabrey,Marina Mabrey,TOR,CON,TOR vs CON,REB,Rebounds,4.15,4.06,2.73,5.7,1.19,28.53,Low,,UNKNOWN,10000,1
2026-06-10,maria conde,Maria Conde,TOR,CON,TOR vs CON,REB,Rebounds,3.9,3.69,1.84,6.19,1.75,21.35,Low,,UNKNOWN,10000,1
2026-06-10,laura juskaite,Laura Juskaite,TOR,CON,TOR vs CON,REB,Rebounds,3.59,3.44,1.93,5.42,1.39,22.07,Low,,UNKNOWN,10000,1
2026-06-10,julie allemand,Julie Allemand,TOR,CON,TOR vs CON,REB,Rebounds,2.9,2.8,1.67,4.23,1.01,22.76,Low,,UNKNOWN,10000,1
2026-06-10,teonni key,Teonni Key,TOR,CON,TOR vs CON,REB,Rebounds,2.65,2.42,0.94,4.61,1.48,10.05,Medium,,UNKNOWN,10000,2
2026-06-10,isabelle harrison,Isabelle Harrison,TOR,CON,TOR vs CON,REB,Rebounds,1.81,1.8,1.51,2.13,0.24,23.31,High,,UNKNOWN,10000,3
2026-06-10,nikolina milic,Nikolina Milic,TOR,CON,TOR vs CON,REB,Rebounds,1.73,1.63,0.78,2.79,0.81,10.88,Medium,,UNKNOWN,10000,2
2026-06-10,temi fagbenle,Temi Fagbenle,TOR,CON,TOR vs CON,REB,Rebounds,1.66,1.65,1.33,2.0,0.27,15.08,High,,UNKNOWN,10000,3
2026-06-10,mariella fasoula,Mariella Fasoula,TOR,CON,TOR vs CON,REB,Rebounds,1.59,1.53,0.85,2.42,0.62,12.31,Low,,UNKNOWN,10000,1
2026-06-10,kia nurse,Kia Nurse,TOR,CON,TOR vs CON,REB,Rebounds,1.29,1.11,0.28,2.5,0.92,13.25,Low,,UNKNOWN,10000,1
2026-06-10,tima pouye,Tima Pouye,TOR,CON,TOR vs CON,REB,Rebounds,0.55,0.53,0.34,0.76,0.17,8.02,Medium,,UNKNOWN,10000,2
2026-06-10,nyara sabally,Nyara Sabally,TOR,CON,TOR vs CON,SB,Stl+Blk,2.5,2.41,1.45,3.67,0.89,26.32,Low,,UNKNOWN,10000,1
2026-06-10,brittney sykes,Brittney Sykes,TOR,CON,TOR vs CON,SB,Stl+Blk,2.12,1.96,0.87,3.53,1.08,30.9,Low,,UNKNOWN,10000,1
2026-06-10,mariella fasoula,Mariella Fasoula,TOR,CON,TOR vs CON,SB,Stl+Blk,1.93,1.69,0.6,3.57,1.24,12.31,Low,,UNKNOWN,10000,1
2026-06-10,julie allemand,Julie Allemand,TOR,CON,TOR vs CON,SB,Stl+Blk,1.84,1.75,1.0,2.79,0.71,22.76,Low,,UNKNOWN,10000,1
2026-06-10,marina mabrey,Marina Mabrey,TOR,CON,TOR vs CON,SB,Stl+Blk,1.79,1.67,0.78,2.97,0.88,28.53,Low,,UNKNOWN,10000,1
2026-06-10,kiki rice,Kiki Rice,TOR,CON,TOR vs CON,SB,Stl+Blk,1.67,1.49,0.58,2.97,1.0,26.95,Low,,UNKNOWN,10000,1
2026-06-10,laura juskaite,Laura Juskaite,TOR,CON,TOR vs CON,SB,Stl+Blk,1.53,1.34,0.5,2.77,0.96,22.07,Low,,UNKNOWN,10000,1
2026-06-10,teonni key,Teonni Key,TOR,CON,TOR vs CON,SB,Stl+Blk,1.08,1.01,0.48,1.78,0.52,10.05,Medium,,UNKNOWN,10000,2
2026-06-10,maria conde,Maria Conde,TOR,CON,TOR vs CON,SB,Stl+Blk,0.96,0.92,0.51,1.46,0.38,21.35,Low,,UNKNOWN,10000,1
2026-06-10,temi fagbenle,Temi Fagbenle,TOR,CON,TOR vs CON,SB,Stl+Blk,0.92,0.9,0.7,1.15,0.18,15.08,High,,UNKNOWN,10000,3
2026-06-10,kia nurse,Kia Nurse,TOR,CON,TOR vs CON,SB,Stl+Blk,0.7,0.63,0.26,1.24,0.4,13.25,Low,,UNKNOWN,10000,1
2026-06-10,isabelle harrison,Isabelle Harrison,TOR,CON,TOR vs CON,SB,Stl+Blk,0.67,0.66,0.48,0.87,0.16,23.31,High,,UNKNOWN,10000,3
2026-06-10,nikolina milic,Nikolina Milic,TOR,CON,TOR vs CON,SB,Stl+Blk,0.48,0.46,0.28,0.69,0.16,10.88,Medium,,UNKNOWN,10000,2
2026-06-10,tima pouye,Tima Pouye,TOR,CON,TOR vs CON,SB,Stl+Blk,0.31,0.29,0.14,0.52,0.16,8.02,Medium,,UNKNOWN,10000,2
2026-06-10,brittney sykes,Brittney Sykes,TOR,CON,TOR vs CON,STL,Steals,1.6,1.45,0.45,2.93,1.02,30.9,Low,,UNKNOWN,10000,1
2026-06-10,julie allemand,Julie Allemand,TOR,CON,TOR vs CON,STL,Steals,1.44,1.37,0.71,2.26,0.62,22.76,Low,,UNKNOWN,10000,1
2026-06-10,kiki rice,Kiki Rice,TOR,CON,TOR vs CON,STL,Steals,1.33,1.13,0.28,2.59,0.97,26.95,Low,,UNKNOWN,10000,1
2026-06-10,marina mabrey,Marina Mabrey,TOR,CON,TOR vs CON,STL,Steals,1.31,1.18,0.39,2.38,0.81,28.53,Low,,UNKNOWN,10000,1
2026-06-10,nyara sabally,Nyara Sabally,TOR,CON,TOR vs CON,STL,Steals,1.28,1.17,0.44,2.25,0.73,26.32,Low,,UNKNOWN,10000,1
2026-06-10,laura juskaite,Laura Juskaite,TOR,CON,TOR vs CON,STL,Steals,1.21,1.02,0.22,2.42,0.93,22.07,Low,,UNKNOWN,10000,1
2026-06-10,temi fagbenle,Temi Fagbenle,TOR,CON,TOR vs CON,STL,Steals,0.7,0.69,0.53,0.87,0.13,15.08,High,,UNKNOWN,10000,3
2026-06-10,mariella fasoula,Mariella Fasoula,TOR,CON,TOR vs CON,STL,Steals,0.69,0.57,0.12,1.44,0.55,12.31,Low,,UNKNOWN,10000,1
2026-06-10,maria conde,Maria Conde,TOR,CON,TOR vs CON,STL,Steals,0.61,0.58,0.26,1.01,0.3,21.35,Low,,UNKNOWN,10000,1
2026-06-10,kia nurse,Kia Nurse,TOR,CON,TOR vs CON,STL,Steals,0.55,0.48,0.14,1.06,0.38,13.25,Low,,UNKNOWN,10000,1
2026-06-10,teonni key,Teonni Key,TOR,CON,TOR vs CON,STL,Steals,0.48,0.41,0.11,0.93,0.34,10.05,Medium,,UNKNOWN,10000,2
2026-06-10,isabelle harrison,Isabelle Harrison,TOR,CON,TOR vs CON,STL,Steals,0.41,0.4,0.27,0.55,0.11,23.31,High,,UNKNOWN,10000,3
2026-06-10,nikolina milic,Nikolina Milic,TOR,CON,TOR vs CON,STL,Steals,0.27,0.26,0.13,0.43,0.12,10.88,Medium,,UNKNOWN,10000,2
2026-06-10,tima pouye,Tima Pouye,TOR,CON,TOR vs CON,STL,Steals,0.21,0.19,0.08,0.36,0.11,8.02,Medium,,UNKNOWN,10000,2
