fight_id,event_name,event_date,fighter_red,fighter_blue,source,projection_player,projection_opponent,market_type,market_label,selection,line,probability
174ba941e1e9,UFC Freedom 250,2026-06-14,Ilia Topuria,Justin Gaethje,simulation,,,moneyline,Ilia Topuria win,red,,0.7423965528061752
174ba941e1e9,UFC Freedom 250,2026-06-14,Ilia Topuria,Justin Gaethje,simulation,,,moneyline,Justin Gaethje win,blue,,0.2576034471938248
174ba941e1e9,UFC Freedom 250,2026-06-14,Ilia Topuria,Justin Gaethje,simulation,,,inside_distance,Fight ends inside distance,yes,,0.5429056693107769
174ba941e1e9,UFC Freedom 250,2026-06-14,Ilia Topuria,Justin Gaethje,simulation,,,inside_distance,Fight goes to decision,no,,0.4570943306892231
174ba941e1e9,UFC Freedom 250,2026-06-14,Ilia Topuria,Justin Gaethje,simulation,,,method,Win by KO/TKO,ko_tko,,0.23612920521841552
174ba941e1e9,UFC Freedom 250,2026-06-14,Ilia Topuria,Justin Gaethje,simulation,,,method,Win by Submission,submission,,0.30677646409236137
174ba941e1e9,UFC Freedom 250,2026-06-14,Ilia Topuria,Justin Gaethje,simulation,,,method,Win by Decision,decision,,0.4570943306892231
174ba941e1e9,UFC Freedom 250,2026-06-14,Ilia Topuria,Justin Gaethje,simulation,,,total_rounds,Under 1.5 rounds,under,1.5,0.36871207533225625
174ba941e1e9,UFC Freedom 250,2026-06-14,Ilia Topuria,Justin Gaethje,simulation,,,total_rounds,Over 1.5 rounds,over,1.5,0.6312879246677437
174ba941e1e9,UFC Freedom 250,2026-06-14,Ilia Topuria,Justin Gaethje,simulation,,,total_rounds,Under 2.5 rounds,under,2.5,0.4735885419235017
174ba941e1e9,UFC Freedom 250,2026-06-14,Ilia Topuria,Justin Gaethje,simulation,,,total_rounds,Over 2.5 rounds,over,2.5,0.5264114580764983
5298e5e0a60d,UFC Freedom 250,2026-06-14,Alex Pereira,Ciryl Gane,simulation,,,moneyline,Alex Pereira win,red,,0.7519681078337017
5298e5e0a60d,UFC Freedom 250,2026-06-14,Alex Pereira,Ciryl Gane,simulation,,,moneyline,Ciryl Gane win,blue,,0.24803189216629828
5298e5e0a60d,UFC Freedom 250,2026-06-14,Alex Pereira,Ciryl Gane,simulation,,,inside_distance,Fight ends inside distance,yes,,0.3976685850341771
5298e5e0a60d,UFC Freedom 250,2026-06-14,Alex Pereira,Ciryl Gane,simulation,,,inside_distance,Fight goes to decision,no,,0.6023314149658229
5298e5e0a60d,UFC Freedom 250,2026-06-14,Alex Pereira,Ciryl Gane,simulation,,,method,Win by KO/TKO,ko_tko,,0.22887706538058403
5298e5e0a60d,UFC Freedom 250,2026-06-14,Alex Pereira,Ciryl Gane,simulation,,,method,Win by Submission,submission,,0.16879151965359313
5298e5e0a60d,UFC Freedom 250,2026-06-14,Alex Pereira,Ciryl Gane,simulation,,,method,Win by Decision,decision,,0.6023314149658229
5298e5e0a60d,UFC Freedom 250,2026-06-14,Alex Pereira,Ciryl Gane,simulation,,,total_rounds,Under 1.5 rounds,under,1.5,0.21946372867751318
5298e5e0a60d,UFC Freedom 250,2026-06-14,Alex Pereira,Ciryl Gane,simulation,,,total_rounds,Over 1.5 rounds,over,1.5,0.7805362713224868
5298e5e0a60d,UFC Freedom 250,2026-06-14,Alex Pereira,Ciryl Gane,simulation,,,total_rounds,Under 2.5 rounds,under,2.5,0.37030029272777004
5298e5e0a60d,UFC Freedom 250,2026-06-14,Alex Pereira,Ciryl Gane,simulation,,,total_rounds,Over 2.5 rounds,over,2.5,0.6296997072722299
93b6d0ca7a9c,UFC Freedom 250,2026-06-14,Sean O'Malley,Aiemann Zahabi,simulation,,,moneyline,Sean O'Malley win,red,,0.8139010890360765
93b6d0ca7a9c,UFC Freedom 250,2026-06-14,Sean O'Malley,Aiemann Zahabi,simulation,,,moneyline,Aiemann Zahabi win,blue,,0.1860989109639235
93b6d0ca7a9c,UFC Freedom 250,2026-06-14,Sean O'Malley,Aiemann Zahabi,simulation,,,inside_distance,Fight ends inside distance,yes,,0.428302506028372
93b6d0ca7a9c,UFC Freedom 250,2026-06-14,Sean O'Malley,Aiemann Zahabi,simulation,,,inside_distance,Fight goes to decision,no,,0.571697493971628
93b6d0ca7a9c,UFC Freedom 250,2026-06-14,Sean O'Malley,Aiemann Zahabi,simulation,,,method,Win by KO/TKO,ko_tko,,0.31174886760594256
93b6d0ca7a9c,UFC Freedom 250,2026-06-14,Sean O'Malley,Aiemann Zahabi,simulation,,,method,Win by Submission,submission,,0.11655363842242943
93b6d0ca7a9c,UFC Freedom 250,2026-06-14,Sean O'Malley,Aiemann Zahabi,simulation,,,method,Win by Decision,decision,,0.571697493971628
93b6d0ca7a9c,UFC Freedom 250,2026-06-14,Sean O'Malley,Aiemann Zahabi,simulation,,,total_rounds,Under 1.5 rounds,under,1.5,0.21462120184228003
93b6d0ca7a9c,UFC Freedom 250,2026-06-14,Sean O'Malley,Aiemann Zahabi,simulation,,,total_rounds,Over 1.5 rounds,over,1.5,0.7853787981577199
93b6d0ca7a9c,UFC Freedom 250,2026-06-14,Sean O'Malley,Aiemann Zahabi,simulation,,,total_rounds,Under 2.5 rounds,under,2.5,0.377856439418608
93b6d0ca7a9c,UFC Freedom 250,2026-06-14,Sean O'Malley,Aiemann Zahabi,simulation,,,total_rounds,Over 2.5 rounds,over,2.5,0.622143560581392
4fe79fd63f72,UFC Freedom 250,2026-06-14,Josh Hokit,Derrick Lewis,simulation,,,moneyline,Josh Hokit win,red,,0.7912703061974585
4fe79fd63f72,UFC Freedom 250,2026-06-14,Josh Hokit,Derrick Lewis,simulation,,,moneyline,Derrick Lewis win,blue,,0.20872969380254147
4fe79fd63f72,UFC Freedom 250,2026-06-14,Josh Hokit,Derrick Lewis,simulation,,,inside_distance,Fight ends inside distance,yes,,0.49331496988797985
4fe79fd63f72,UFC Freedom 250,2026-06-14,Josh Hokit,Derrick Lewis,simulation,,,inside_distance,Fight goes to decision,no,,0.5066850301120202
4fe79fd63f72,UFC Freedom 250,2026-06-14,Josh Hokit,Derrick Lewis,simulation,,,method,Win by KO/TKO,ko_tko,,0.3674205754842056
4fe79fd63f72,UFC Freedom 250,2026-06-14,Josh Hokit,Derrick Lewis,simulation,,,method,Win by Submission,submission,,0.12589439440377426
4fe79fd63f72,UFC Freedom 250,2026-06-14,Josh Hokit,Derrick Lewis,simulation,,,method,Win by Decision,decision,,0.5066850301120202
4fe79fd63f72,UFC Freedom 250,2026-06-14,Josh Hokit,Derrick Lewis,simulation,,,total_rounds,Under 1.5 rounds,under,1.5,0.4289320820244426
4fe79fd63f72,UFC Freedom 250,2026-06-14,Josh Hokit,Derrick Lewis,simulation,,,total_rounds,Over 1.5 rounds,over,1.5,0.5710679179755573
4fe79fd63f72,UFC Freedom 250,2026-06-14,Josh Hokit,Derrick Lewis,simulation,,,total_rounds,Under 2.5 rounds,under,2.5,0.4659229888064012
4fe79fd63f72,UFC Freedom 250,2026-06-14,Josh Hokit,Derrick Lewis,simulation,,,total_rounds,Over 2.5 rounds,over,2.5,0.5340770111935988
f5e57e5647fc,UFC Freedom 250,2026-06-14,Mauricio Ruffy,Michael Chandler,simulation,,,moneyline,Mauricio Ruffy win,red,,0.7153422563249319
f5e57e5647fc,UFC Freedom 250,2026-06-14,Mauricio Ruffy,Michael Chandler,simulation,,,moneyline,Michael Chandler win,blue,,0.28465774367506813
f5e57e5647fc,UFC Freedom 250,2026-06-14,Mauricio Ruffy,Michael Chandler,simulation,,,inside_distance,Fight ends inside distance,yes,,0.31746425184115945
f5e57e5647fc,UFC Freedom 250,2026-06-14,Mauricio Ruffy,Michael Chandler,simulation,,,inside_distance,Fight goes to decision,no,,0.6825357481588405
f5e57e5647fc,UFC Freedom 250,2026-06-14,Mauricio Ruffy,Michael Chandler,simulation,,,method,Win by KO/TKO,ko_tko,,0.22186874977600518
f5e57e5647fc,UFC Freedom 250,2026-06-14,Mauricio Ruffy,Michael Chandler,simulation,,,method,Win by Submission,submission,,0.09559550206515424
f5e57e5647fc,UFC Freedom 250,2026-06-14,Mauricio Ruffy,Michael Chandler,simulation,,,method,Win by Decision,decision,,0.6825357481588405
f5e57e5647fc,UFC Freedom 250,2026-06-14,Mauricio Ruffy,Michael Chandler,simulation,,,total_rounds,Under 1.5 rounds,under,1.5,0.1742627265602958
f5e57e5647fc,UFC Freedom 250,2026-06-14,Mauricio Ruffy,Michael Chandler,simulation,,,total_rounds,Over 1.5 rounds,over,1.5,0.8257372734397042
f5e57e5647fc,UFC Freedom 250,2026-06-14,Mauricio Ruffy,Michael Chandler,simulation,,,total_rounds,Under 2.5 rounds,under,2.5,0.31412271784796125
f5e57e5647fc,UFC Freedom 250,2026-06-14,Mauricio Ruffy,Michael Chandler,simulation,,,total_rounds,Over 2.5 rounds,over,2.5,0.6858772821520387
0a00520d9348,UFC Freedom 250,2026-06-14,Bo Nickal,Kyle Daukaus,simulation,,,moneyline,Bo Nickal win,red,,0.863676625698098
0a00520d9348,UFC Freedom 250,2026-06-14,Bo Nickal,Kyle Daukaus,simulation,,,moneyline,Kyle Daukaus win,blue,,0.136323374301902
0a00520d9348,UFC Freedom 250,2026-06-14,Bo Nickal,Kyle Daukaus,simulation,,,inside_distance,Fight ends inside distance,yes,,0.4442821606600873
0a00520d9348,UFC Freedom 250,2026-06-14,Bo Nickal,Kyle Daukaus,simulation,,,inside_distance,Fight goes to decision,no,,0.5557178393399127
0a00520d9348,UFC Freedom 250,2026-06-14,Bo Nickal,Kyle Daukaus,simulation,,,method,Win by KO/TKO,ko_tko,,0.2922399180019377
0a00520d9348,UFC Freedom 250,2026-06-14,Bo Nickal,Kyle Daukaus,simulation,,,method,Win by Submission,submission,,0.1520422426581496
0a00520d9348,UFC Freedom 250,2026-06-14,Bo Nickal,Kyle Daukaus,simulation,,,method,Win by Decision,decision,,0.5557178393399127
0a00520d9348,UFC Freedom 250,2026-06-14,Bo Nickal,Kyle Daukaus,simulation,,,total_rounds,Under 1.5 rounds,under,1.5,0.2784531926266013
0a00520d9348,UFC Freedom 250,2026-06-14,Bo Nickal,Kyle Daukaus,simulation,,,total_rounds,Over 1.5 rounds,over,1.5,0.7215468073733987
0a00520d9348,UFC Freedom 250,2026-06-14,Bo Nickal,Kyle Daukaus,simulation,,,total_rounds,Under 2.5 rounds,under,2.5,0.40111600600326935
0a00520d9348,UFC Freedom 250,2026-06-14,Bo Nickal,Kyle Daukaus,simulation,,,total_rounds,Over 2.5 rounds,over,2.5,0.5988839939967306
8f7de25dba61,UFC Freedom 250,2026-06-14,Diego Lopes,Steve Garcia,simulation,,,moneyline,Diego Lopes win,red,,0.6598561512091163
8f7de25dba61,UFC Freedom 250,2026-06-14,Diego Lopes,Steve Garcia,simulation,,,moneyline,Steve Garcia win,blue,,0.34014384879088366
8f7de25dba61,UFC Freedom 250,2026-06-14,Diego Lopes,Steve Garcia,simulation,,,inside_distance,Fight ends inside distance,yes,,0.46026222421988167
8f7de25dba61,UFC Freedom 250,2026-06-14,Diego Lopes,Steve Garcia,simulation,,,inside_distance,Fight goes to decision,no,,0.5397377757801183
8f7de25dba61,UFC Freedom 250,2026-06-14,Diego Lopes,Steve Garcia,simulation,,,method,Win by KO/TKO,ko_tko,,0.21705210084291293
8f7de25dba61,UFC Freedom 250,2026-06-14,Diego Lopes,Steve Garcia,simulation,,,method,Win by Submission,submission,,0.24321012337696873
8f7de25dba61,UFC Freedom 250,2026-06-14,Diego Lopes,Steve Garcia,simulation,,,method,Win by Decision,decision,,0.5397377757801183
8f7de25dba61,UFC Freedom 250,2026-06-14,Diego Lopes,Steve Garcia,simulation,,,total_rounds,Under 1.5 rounds,under,1.5,0.28160176053248465
8f7de25dba61,UFC Freedom 250,2026-06-14,Diego Lopes,Steve Garcia,simulation,,,total_rounds,Over 1.5 rounds,over,1.5,0.7183982394675154
8f7de25dba61,UFC Freedom 250,2026-06-14,Diego Lopes,Steve Garcia,simulation,,,total_rounds,Under 2.5 rounds,under,2.5,0.46658671798942086
8f7de25dba61,UFC Freedom 250,2026-06-14,Diego Lopes,Steve Garcia,simulation,,,total_rounds,Over 2.5 rounds,over,2.5,0.5334132820105791
3ed90fd59696,UFC Fight Night: Kape vs. Horiguchi,2026-06-20,Manel Kape,Kyoji Horiguchi,simulation,,,moneyline,Manel Kape win,red,,0.7747269376408592
3ed90fd59696,UFC Fight Night: Kape vs. Horiguchi,2026-06-20,Manel Kape,Kyoji Horiguchi,simulation,,,moneyline,Kyoji Horiguchi win,blue,,0.2252730623591408
3ed90fd59696,UFC Fight Night: Kape vs. Horiguchi,2026-06-20,Manel Kape,Kyoji Horiguchi,simulation,,,inside_distance,Fight ends inside distance,yes,,0.3465990715229996
3ed90fd59696,UFC Fight Night: Kape vs. Horiguchi,2026-06-20,Manel Kape,Kyoji Horiguchi,simulation,,,inside_distance,Fight goes to decision,no,,0.6534009284770004
3ed90fd59696,UFC Fight Night: Kape vs. Horiguchi,2026-06-20,Manel Kape,Kyoji Horiguchi,simulation,,,method,Win by KO/TKO,ko_tko,,0.22717296089907715
3ed90fd59696,UFC Fight Night: Kape vs. Horiguchi,2026-06-20,Manel Kape,Kyoji Horiguchi,simulation,,,method,Win by Submission,submission,,0.11942611062392244
3ed90fd59696,UFC Fight Night: Kape vs. Horiguchi,2026-06-20,Manel Kape,Kyoji Horiguchi,simulation,,,method,Win by Decision,decision,,0.6534009284770004
3ed90fd59696,UFC Fight Night: Kape vs. Horiguchi,2026-06-20,Manel Kape,Kyoji Horiguchi,simulation,,,total_rounds,Under 1.5 rounds,under,1.5,0.175322277672872
3ed90fd59696,UFC Fight Night: Kape vs. Horiguchi,2026-06-20,Manel Kape,Kyoji Horiguchi,simulation,,,total_rounds,Over 1.5 rounds,over,1.5,0.824677722327128
3ed90fd59696,UFC Fight Night: Kape vs. Horiguchi,2026-06-20,Manel Kape,Kyoji Horiguchi,simulation,,,total_rounds,Under 2.5 rounds,under,2.5,0.3269181551424196
3ed90fd59696,UFC Fight Night: Kape vs. Horiguchi,2026-06-20,Manel Kape,Kyoji Horiguchi,simulation,,,total_rounds,Over 2.5 rounds,over,2.5,0.6730818448575804
dc02d6ce620e,UFC Fight Night: Kape vs. Horiguchi,2026-06-20,Ion Cutelaba,Navajo Stirling,simulation,,,moneyline,Ion Cutelaba win,red,,0.6764217905214035
dc02d6ce620e,UFC Fight Night: Kape vs. Horiguchi,2026-06-20,Ion Cutelaba,Navajo Stirling,simulation,,,moneyline,Navajo Stirling win,blue,,0.3235782094785965
dc02d6ce620e,UFC Fight Night: Kape vs. Horiguchi,2026-06-20,Ion Cutelaba,Navajo Stirling,simulation,,,inside_distance,Fight ends inside distance,yes,,0.4431992460267581
dc02d6ce620e,UFC Fight Night: Kape vs. Horiguchi,2026-06-20,Ion Cutelaba,Navajo Stirling,simulation,,,inside_distance,Fight goes to decision,no,,0.5568007539732419
dc02d6ce620e,UFC Fight Night: Kape vs. Horiguchi,2026-06-20,Ion Cutelaba,Navajo Stirling,simulation,,,method,Win by KO/TKO,ko_tko,,0.2737248291402977
dc02d6ce620e,UFC Fight Night: Kape vs. Horiguchi,2026-06-20,Ion Cutelaba,Navajo Stirling,simulation,,,method,Win by Submission,submission,,0.16947441688646037
dc02d6ce620e,UFC Fight Night: Kape vs. Horiguchi,2026-06-20,Ion Cutelaba,Navajo Stirling,simulation,,,method,Win by Decision,decision,,0.5568007539732419
dc02d6ce620e,UFC Fight Night: Kape vs. Horiguchi,2026-06-20,Ion Cutelaba,Navajo Stirling,simulation,,,total_rounds,Under 1.5 rounds,under,1.5,0.2726606911815129
dc02d6ce620e,UFC Fight Night: Kape vs. Horiguchi,2026-06-20,Ion Cutelaba,Navajo Stirling,simulation,,,total_rounds,Over 1.5 rounds,over,1.5,0.7273393088184871
dc02d6ce620e,UFC Fight Night: Kape vs. Horiguchi,2026-06-20,Ion Cutelaba,Navajo Stirling,simulation,,,total_rounds,Under 2.5 rounds,under,2.5,0.45906812805511227
dc02d6ce620e,UFC Fight Night: Kape vs. Horiguchi,2026-06-20,Ion Cutelaba,Navajo Stirling,simulation,,,total_rounds,Over 2.5 rounds,over,2.5,0.5409318719448877
b0bb0826b07e,UFC Fight Night: Kape vs. Horiguchi,2026-06-20,Hyder Amil,Christian Rodriguez,simulation,,,moneyline,Hyder Amil win,red,,0.6795917537404356
b0bb0826b07e,UFC Fight Night: Kape vs. Horiguchi,2026-06-20,Hyder Amil,Christian Rodriguez,simulation,,,moneyline,Christian Rodriguez win,blue,,0.32040824625956443
b0bb0826b07e,UFC Fight Night: Kape vs. Horiguchi,2026-06-20,Hyder Amil,Christian Rodriguez,simulation,,,inside_distance,Fight ends inside distance,yes,,0.35339016630407427
b0bb0826b07e,UFC Fight Night: Kape vs. Horiguchi,2026-06-20,Hyder Amil,Christian Rodriguez,simulation,,,inside_distance,Fight goes to decision,no,,0.6466098336959257
b0bb0826b07e,UFC Fight Night: Kape vs. Horiguchi,2026-06-20,Hyder Amil,Christian Rodriguez,simulation,,,method,Win by KO/TKO,ko_tko,,0.24919281819283978
b0bb0826b07e,UFC Fight Night: Kape vs. Horiguchi,2026-06-20,Hyder Amil,Christian Rodriguez,simulation,,,method,Win by Submission,submission,,0.10419734811123448
b0bb0826b07e,UFC Fight Night: Kape vs. Horiguchi,2026-06-20,Hyder Amil,Christian Rodriguez,simulation,,,method,Win by Decision,decision,,0.6466098336959257
b0bb0826b07e,UFC Fight Night: Kape vs. Horiguchi,2026-06-20,Hyder Amil,Christian Rodriguez,simulation,,,total_rounds,Under 1.5 rounds,under,1.5,0.18827661880717933
b0bb0826b07e,UFC Fight Night: Kape vs. Horiguchi,2026-06-20,Hyder Amil,Christian Rodriguez,simulation,,,total_rounds,Over 1.5 rounds,over,1.5,0.8117233811928206
b0bb0826b07e,UFC Fight Night: Kape vs. Horiguchi,2026-06-20,Hyder Amil,Christian Rodriguez,simulation,,,total_rounds,Under 2.5 rounds,under,2.5,0.33505570256921186
b0bb0826b07e,UFC Fight Night: Kape vs. Horiguchi,2026-06-20,Hyder Amil,Christian Rodriguez,simulation,,,total_rounds,Over 2.5 rounds,over,2.5,0.6649442974307882
94058ebc4496,UFC Fight Night: Kape vs. Horiguchi,2026-06-20,Andre Lima,Kevin Borjas,simulation,,,moneyline,Andre Lima win,red,,0.8669896664414697
94058ebc4496,UFC Fight Night: Kape vs. Horiguchi,2026-06-20,Andre Lima,Kevin Borjas,simulation,,,moneyline,Kevin Borjas win,blue,,0.1330103335585303
94058ebc4496,UFC Fight Night: Kape vs. Horiguchi,2026-06-20,Andre Lima,Kevin Borjas,simulation,,,inside_distance,Fight ends inside distance,yes,,0.5465176340227885
94058ebc4496,UFC Fight Night: Kape vs. Horiguchi,2026-06-20,Andre Lima,Kevin Borjas,simulation,,,inside_distance,Fight goes to decision,no,,0.4534823659772115
94058ebc4496,UFC Fight Night: Kape vs. Horiguchi,2026-06-20,Andre Lima,Kevin Borjas,simulation,,,method,Win by KO/TKO,ko_tko,,0.28349789951448334
94058ebc4496,UFC Fight Night: Kape vs. Horiguchi,2026-06-20,Andre Lima,Kevin Borjas,simulation,,,method,Win by Submission,submission,,0.2630197345083052
94058ebc4496,UFC Fight Night: Kape vs. Horiguchi,2026-06-20,Andre Lima,Kevin Borjas,simulation,,,method,Win by Decision,decision,,0.4534823659772115
94058ebc4496,UFC Fight Night: Kape vs. Horiguchi,2026-06-20,Andre Lima,Kevin Borjas,simulation,,,total_rounds,Under 1.5 rounds,under,1.5,0.35412112676664975
94058ebc4496,UFC Fight Night: Kape vs. Horiguchi,2026-06-20,Andre Lima,Kevin Borjas,simulation,,,total_rounds,Over 1.5 rounds,over,1.5,0.6458788732333502
94058ebc4496,UFC Fight Night: Kape vs. Horiguchi,2026-06-20,Andre Lima,Kevin Borjas,simulation,,,total_rounds,Under 2.5 rounds,under,2.5,0.47363037829632487
94058ebc4496,UFC Fight Night: Kape vs. Horiguchi,2026-06-20,Andre Lima,Kevin Borjas,simulation,,,total_rounds,Over 2.5 rounds,over,2.5,0.5263696217036751
6f2e518cebbd,UFC Fight Night: Kape vs. Horiguchi,2026-06-20,Melsik Baghdasaryan,Murtazali Magomedov,simulation,,,moneyline,Melsik Baghdasaryan win,red,,0.7373044989421067
6f2e518cebbd,UFC Fight Night: Kape vs. Horiguchi,2026-06-20,Melsik Baghdasaryan,Murtazali Magomedov,simulation,,,moneyline,Murtazali Magomedov win,blue,,0.2626955010578933
6f2e518cebbd,UFC Fight Night: Kape vs. Horiguchi,2026-06-20,Melsik Baghdasaryan,Murtazali Magomedov,simulation,,,inside_distance,Fight ends inside distance,yes,,0.35265770114674383
6f2e518cebbd,UFC Fight Night: Kape vs. Horiguchi,2026-06-20,Melsik Baghdasaryan,Murtazali Magomedov,simulation,,,inside_distance,Fight goes to decision,no,,0.6473422988532562
6f2e518cebbd,UFC Fight Night: Kape vs. Horiguchi,2026-06-20,Melsik Baghdasaryan,Murtazali Magomedov,simulation,,,method,Win by KO/TKO,ko_tko,,0.23902014460467771
6f2e518cebbd,UFC Fight Night: Kape vs. Horiguchi,2026-06-20,Melsik Baghdasaryan,Murtazali Magomedov,simulation,,,method,Win by Submission,submission,,0.11363755654206613
6f2e518cebbd,UFC Fight Night: Kape vs. Horiguchi,2026-06-20,Melsik Baghdasaryan,Murtazali Magomedov,simulation,,,method,Win by Decision,decision,,0.6473422988532562
6f2e518cebbd,UFC Fight Night: Kape vs. Horiguchi,2026-06-20,Melsik Baghdasaryan,Murtazali Magomedov,simulation,,,total_rounds,Under 1.5 rounds,under,1.5,0.18380853498128258
6f2e518cebbd,UFC Fight Night: Kape vs. Horiguchi,2026-06-20,Melsik Baghdasaryan,Murtazali Magomedov,simulation,,,total_rounds,Over 1.5 rounds,over,1.5,0.8161914650187174
6f2e518cebbd,UFC Fight Night: Kape vs. Horiguchi,2026-06-20,Melsik Baghdasaryan,Murtazali Magomedov,simulation,,,total_rounds,Under 2.5 rounds,under,2.5,0.3301432518308299
6f2e518cebbd,UFC Fight Night: Kape vs. Horiguchi,2026-06-20,Melsik Baghdasaryan,Murtazali Magomedov,simulation,,,total_rounds,Over 2.5 rounds,over,2.5,0.6698567481691702
a5dd34c5ae47,UFC Fight Night: Kape vs. Horiguchi,2026-06-20,Bia Mesquita,Melissa Mullins,simulation,,,moneyline,Bia Mesquita win,red,,0.8716486821396499
a5dd34c5ae47,UFC Fight Night: Kape vs. Horiguchi,2026-06-20,Bia Mesquita,Melissa Mullins,simulation,,,moneyline,Melissa Mullins win,blue,,0.12835131786035014
a5dd34c5ae47,UFC Fight Night: Kape vs. Horiguchi,2026-06-20,Bia Mesquita,Melissa Mullins,simulation,,,inside_distance,Fight ends inside distance,yes,,0.772067909087198
a5dd34c5ae47,UFC Fight Night: Kape vs. Horiguchi,2026-06-20,Bia Mesquita,Melissa Mullins,simulation,,,inside_distance,Fight goes to decision,no,,0.22793209091280198
a5dd34c5ae47,UFC Fight Night: Kape vs. Horiguchi,2026-06-20,Bia Mesquita,Melissa Mullins,simulation,,,method,Win by KO/TKO,ko_tko,,0.24130235172902764
a5dd34c5ae47,UFC Fight Night: Kape vs. Horiguchi,2026-06-20,Bia Mesquita,Melissa Mullins,simulation,,,method,Win by Submission,submission,,0.5307655573581704
a5dd34c5ae47,UFC Fight Night: Kape vs. Horiguchi,2026-06-20,Bia Mesquita,Melissa Mullins,simulation,,,method,Win by Decision,decision,,0.22793209091280198
a5dd34c5ae47,UFC Fight Night: Kape vs. Horiguchi,2026-06-20,Bia Mesquita,Melissa Mullins,simulation,,,total_rounds,Under 1.5 rounds,under,1.5,0.6168238451340821
a5dd34c5ae47,UFC Fight Night: Kape vs. Horiguchi,2026-06-20,Bia Mesquita,Melissa Mullins,simulation,,,total_rounds,Over 1.5 rounds,over,1.5,0.38317615486591794
a5dd34c5ae47,UFC Fight Night: Kape vs. Horiguchi,2026-06-20,Bia Mesquita,Melissa Mullins,simulation,,,total_rounds,Under 2.5 rounds,under,2.5,0.7191074950968879
a5dd34c5ae47,UFC Fight Night: Kape vs. Horiguchi,2026-06-20,Bia Mesquita,Melissa Mullins,simulation,,,total_rounds,Over 2.5 rounds,over,2.5,0.28089250490311213
af184c9a4edf,UFC Fight Night: Kape vs. Horiguchi,2026-06-20,Allan Nascimento,Mitch Raposo,simulation,,,moneyline,Allan Nascimento win,red,,0.736421040793905
af184c9a4edf,UFC Fight Night: Kape vs. Horiguchi,2026-06-20,Allan Nascimento,Mitch Raposo,simulation,,,moneyline,Mitch Raposo win,blue,,0.263578959206095
af184c9a4edf,UFC Fight Night: Kape vs. Horiguchi,2026-06-20,Allan Nascimento,Mitch Raposo,simulation,,,inside_distance,Fight ends inside distance,yes,,0.5328244874721884
af184c9a4edf,UFC Fight Night: Kape vs. Horiguchi,2026-06-20,Allan Nascimento,Mitch Raposo,simulation,,,inside_distance,Fight goes to decision,no,,0.46717551252781164
af184c9a4edf,UFC Fight Night: Kape vs. Horiguchi,2026-06-20,Allan Nascimento,Mitch Raposo,simulation,,,method,Win by KO/TKO,ko_tko,,0.25161425844379826
af184c9a4edf,UFC Fight Night: Kape vs. Horiguchi,2026-06-20,Allan Nascimento,Mitch Raposo,simulation,,,method,Win by Submission,submission,,0.28121022902839016
af184c9a4edf,UFC Fight Night: Kape vs. Horiguchi,2026-06-20,Allan Nascimento,Mitch Raposo,simulation,,,method,Win by Decision,decision,,0.46717551252781164
af184c9a4edf,UFC Fight Night: Kape vs. Horiguchi,2026-06-20,Allan Nascimento,Mitch Raposo,simulation,,,total_rounds,Under 1.5 rounds,under,1.5,0.2981379406122039
af184c9a4edf,UFC Fight Night: Kape vs. Horiguchi,2026-06-20,Allan Nascimento,Mitch Raposo,simulation,,,total_rounds,Over 1.5 rounds,over,1.5,0.7018620593877961
af184c9a4edf,UFC Fight Night: Kape vs. Horiguchi,2026-06-20,Allan Nascimento,Mitch Raposo,simulation,,,total_rounds,Under 2.5 rounds,under,2.5,0.5023048012699266
af184c9a4edf,UFC Fight Night: Kape vs. Horiguchi,2026-06-20,Allan Nascimento,Mitch Raposo,simulation,,,total_rounds,Over 2.5 rounds,over,2.5,0.4976951987300734
075133e4f0dc,UFC Fight Night: Kape vs. Horiguchi,2026-06-20,Gaston Bolanos,Michael Aswell Jr.,simulation,,,moneyline,Gaston Bolanos win,red,,0.6746746198031627
075133e4f0dc,UFC Fight Night: Kape vs. Horiguchi,2026-06-20,Gaston Bolanos,Michael Aswell Jr.,simulation,,,moneyline,Michael Aswell Jr. win,blue,,0.3253253801968373
075133e4f0dc,UFC Fight Night: Kape vs. Horiguchi,2026-06-20,Gaston Bolanos,Michael Aswell Jr.,simulation,,,inside_distance,Fight ends inside distance,yes,,0.5101290228139193
075133e4f0dc,UFC Fight Night: Kape vs. Horiguchi,2026-06-20,Gaston Bolanos,Michael Aswell Jr.,simulation,,,inside_distance,Fight goes to decision,no,,0.48987097718608075
075133e4f0dc,UFC Fight Night: Kape vs. Horiguchi,2026-06-20,Gaston Bolanos,Michael Aswell Jr.,simulation,,,method,Win by KO/TKO,ko_tko,,0.43312943447570074
075133e4f0dc,UFC Fight Night: Kape vs. Horiguchi,2026-06-20,Gaston Bolanos,Michael Aswell Jr.,simulation,,,method,Win by Submission,submission,,0.0769995883382185
075133e4f0dc,UFC Fight Night: Kape vs. Horiguchi,2026-06-20,Gaston Bolanos,Michael Aswell Jr.,simulation,,,method,Win by Decision,decision,,0.48987097718608075
075133e4f0dc,UFC Fight Night: Kape vs. Horiguchi,2026-06-20,Gaston Bolanos,Michael Aswell Jr.,simulation,,,total_rounds,Under 1.5 rounds,under,1.5,0.3037144100918892
075133e4f0dc,UFC Fight Night: Kape vs. Horiguchi,2026-06-20,Gaston Bolanos,Michael Aswell Jr.,simulation,,,total_rounds,Over 1.5 rounds,over,1.5,0.6962855899081108
075133e4f0dc,UFC Fight Night: Kape vs. Horiguchi,2026-06-20,Gaston Bolanos,Michael Aswell Jr.,simulation,,,total_rounds,Under 2.5 rounds,under,2.5,0.39876122973958017
075133e4f0dc,UFC Fight Night: Kape vs. Horiguchi,2026-06-20,Gaston Bolanos,Michael Aswell Jr.,simulation,,,total_rounds,Over 2.5 rounds,over,2.5,0.6012387702604198
9cbe88ab1302,UFC Fight Night: Kape vs. Horiguchi,2026-06-20,Karol Rosa,Luana Santos,simulation,,,moneyline,Karol Rosa win,red,,0.7450062915806548
9cbe88ab1302,UFC Fight Night: Kape vs. Horiguchi,2026-06-20,Karol Rosa,Luana Santos,simulation,,,moneyline,Luana Santos win,blue,,0.2549937084193452
9cbe88ab1302,UFC Fight Night: Kape vs. Horiguchi,2026-06-20,Karol Rosa,Luana Santos,simulation,,,inside_distance,Fight ends inside distance,yes,,0.43862507449894667
9cbe88ab1302,UFC Fight Night: Kape vs. Horiguchi,2026-06-20,Karol Rosa,Luana Santos,simulation,,,inside_distance,Fight goes to decision,no,,0.5613749255010534
9cbe88ab1302,UFC Fight Night: Kape vs. Horiguchi,2026-06-20,Karol Rosa,Luana Santos,simulation,,,method,Win by KO/TKO,ko_tko,,0.2884660438941415
9cbe88ab1302,UFC Fight Night: Kape vs. Horiguchi,2026-06-20,Karol Rosa,Luana Santos,simulation,,,method,Win by Submission,submission,,0.15015903060480518
9cbe88ab1302,UFC Fight Night: Kape vs. Horiguchi,2026-06-20,Karol Rosa,Luana Santos,simulation,,,method,Win by Decision,decision,,0.5613749255010534
9cbe88ab1302,UFC Fight Night: Kape vs. Horiguchi,2026-06-20,Karol Rosa,Luana Santos,simulation,,,total_rounds,Under 1.5 rounds,under,1.5,0.2542386532736224
9cbe88ab1302,UFC Fight Night: Kape vs. Horiguchi,2026-06-20,Karol Rosa,Luana Santos,simulation,,,total_rounds,Over 1.5 rounds,over,1.5,0.7457613467263776
9cbe88ab1302,UFC Fight Night: Kape vs. Horiguchi,2026-06-20,Karol Rosa,Luana Santos,simulation,,,total_rounds,Under 2.5 rounds,under,2.5,0.4482675106387922
9cbe88ab1302,UFC Fight Night: Kape vs. Horiguchi,2026-06-20,Karol Rosa,Luana Santos,simulation,,,total_rounds,Over 2.5 rounds,over,2.5,0.5517324893612078
4555581ae6f5,UFC Fight Night: Kape vs. Horiguchi,2026-06-20,Jhonata Diniz,Jose Montanha,simulation,,,moneyline,Jhonata Diniz win,red,,0.6947720782384994
4555581ae6f5,UFC Fight Night: Kape vs. Horiguchi,2026-06-20,Jhonata Diniz,Jose Montanha,simulation,,,moneyline,Jose Montanha win,blue,,0.3052279217615006
4555581ae6f5,UFC Fight Night: Kape vs. Horiguchi,2026-06-20,Jhonata Diniz,Jose Montanha,simulation,,,inside_distance,Fight ends inside distance,yes,,0.3620810334414434
4555581ae6f5,UFC Fight Night: Kape vs. Horiguchi,2026-06-20,Jhonata Diniz,Jose Montanha,simulation,,,inside_distance,Fight goes to decision,no,,0.6379189665585566
4555581ae6f5,UFC Fight Night: Kape vs. Horiguchi,2026-06-20,Jhonata Diniz,Jose Montanha,simulation,,,method,Win by KO/TKO,ko_tko,,0.2838057278268895
4555581ae6f5,UFC Fight Night: Kape vs. Horiguchi,2026-06-20,Jhonata Diniz,Jose Montanha,simulation,,,method,Win by Submission,submission,,0.07827530561455384
4555581ae6f5,UFC Fight Night: Kape vs. Horiguchi,2026-06-20,Jhonata Diniz,Jose Montanha,simulation,,,method,Win by Decision,decision,,0.6379189665585566
4555581ae6f5,UFC Fight Night: Kape vs. Horiguchi,2026-06-20,Jhonata Diniz,Jose Montanha,simulation,,,total_rounds,Under 1.5 rounds,under,1.5,0.15520289664221426
4555581ae6f5,UFC Fight Night: Kape vs. Horiguchi,2026-06-20,Jhonata Diniz,Jose Montanha,simulation,,,total_rounds,Over 1.5 rounds,over,1.5,0.8447971033577857
4555581ae6f5,UFC Fight Night: Kape vs. Horiguchi,2026-06-20,Jhonata Diniz,Jose Montanha,simulation,,,total_rounds,Under 2.5 rounds,under,2.5,0.2965188638363138
4555581ae6f5,UFC Fight Night: Kape vs. Horiguchi,2026-06-20,Jhonata Diniz,Jose Montanha,simulation,,,total_rounds,Over 2.5 rounds,over,2.5,0.7034811361636861
7ef6b3551787,UFC Fight Night: Kape vs. Horiguchi,2026-06-20,Giga Chikadze,Vinicius Oliveira,simulation,,,moneyline,Giga Chikadze win,red,,0.6020775354981328
7ef6b3551787,UFC Fight Night: Kape vs. Horiguchi,2026-06-20,Giga Chikadze,Vinicius Oliveira,simulation,,,moneyline,Vinicius Oliveira win,blue,,0.3979224645018672
7ef6b3551787,UFC Fight Night: Kape vs. Horiguchi,2026-06-20,Giga Chikadze,Vinicius Oliveira,simulation,,,inside_distance,Fight ends inside distance,yes,,0.34885744153129156
7ef6b3551787,UFC Fight Night: Kape vs. Horiguchi,2026-06-20,Giga Chikadze,Vinicius Oliveira,simulation,,,inside_distance,Fight goes to decision,no,,0.6511425584687085
7ef6b3551787,UFC Fight Night: Kape vs. Horiguchi,2026-06-20,Giga Chikadze,Vinicius Oliveira,simulation,,,method,Win by KO/TKO,ko_tko,,0.2570940389115608
7ef6b3551787,UFC Fight Night: Kape vs. Horiguchi,2026-06-20,Giga Chikadze,Vinicius Oliveira,simulation,,,method,Win by Submission,submission,,0.09176340261973077
7ef6b3551787,UFC Fight Night: Kape vs. Horiguchi,2026-06-20,Giga Chikadze,Vinicius Oliveira,simulation,,,method,Win by Decision,decision,,0.6511425584687085
7ef6b3551787,UFC Fight Night: Kape vs. Horiguchi,2026-06-20,Giga Chikadze,Vinicius Oliveira,simulation,,,total_rounds,Under 1.5 rounds,under,1.5,0.16217057649042996
7ef6b3551787,UFC Fight Night: Kape vs. Horiguchi,2026-06-20,Giga Chikadze,Vinicius Oliveira,simulation,,,total_rounds,Over 1.5 rounds,over,1.5,0.83782942350957
7ef6b3551787,UFC Fight Night: Kape vs. Horiguchi,2026-06-20,Giga Chikadze,Vinicius Oliveira,simulation,,,total_rounds,Under 2.5 rounds,under,2.5,0.30741355877476556
7ef6b3551787,UFC Fight Night: Kape vs. Horiguchi,2026-06-20,Giga Chikadze,Vinicius Oliveira,simulation,,,total_rounds,Over 2.5 rounds,over,2.5,0.6925864412252345
20e1c2f6d30d,UFC Fight Night: Fiziev vs. Torres,2026-06-27,Rafael Fiziev,Manuel Torres,simulation,,,moneyline,Rafael Fiziev win,red,,0.5932701938958451
20e1c2f6d30d,UFC Fight Night: Fiziev vs. Torres,2026-06-27,Rafael Fiziev,Manuel Torres,simulation,,,moneyline,Manuel Torres win,blue,,0.4067298061041549
20e1c2f6d30d,UFC Fight Night: Fiziev vs. Torres,2026-06-27,Rafael Fiziev,Manuel Torres,simulation,,,inside_distance,Fight ends inside distance,yes,,0.4676227805486694
20e1c2f6d30d,UFC Fight Night: Fiziev vs. Torres,2026-06-27,Rafael Fiziev,Manuel Torres,simulation,,,inside_distance,Fight goes to decision,no,,0.5323772194513305
20e1c2f6d30d,UFC Fight Night: Fiziev vs. Torres,2026-06-27,Rafael Fiziev,Manuel Torres,simulation,,,method,Win by KO/TKO,ko_tko,,0.3511916494483424
20e1c2f6d30d,UFC Fight Night: Fiziev vs. Torres,2026-06-27,Rafael Fiziev,Manuel Torres,simulation,,,method,Win by Submission,submission,,0.116431131100327
20e1c2f6d30d,UFC Fight Night: Fiziev vs. Torres,2026-06-27,Rafael Fiziev,Manuel Torres,simulation,,,method,Win by Decision,decision,,0.5323772194513305
20e1c2f6d30d,UFC Fight Night: Fiziev vs. Torres,2026-06-27,Rafael Fiziev,Manuel Torres,simulation,,,total_rounds,Under 1.5 rounds,under,1.5,0.3005241276293797
20e1c2f6d30d,UFC Fight Night: Fiziev vs. Torres,2026-06-27,Rafael Fiziev,Manuel Torres,simulation,,,total_rounds,Over 1.5 rounds,over,1.5,0.6994758723706203
20e1c2f6d30d,UFC Fight Night: Fiziev vs. Torres,2026-06-27,Rafael Fiziev,Manuel Torres,simulation,,,total_rounds,Under 2.5 rounds,under,2.5,0.4363770846710535
20e1c2f6d30d,UFC Fight Night: Fiziev vs. Torres,2026-06-27,Rafael Fiziev,Manuel Torres,simulation,,,total_rounds,Over 2.5 rounds,over,2.5,0.5636229153289465
209df83ff8e5,UFC Fight Night: Fiziev vs. Torres,2026-06-27,Shara Magomedov,Michel Pereira,simulation,,,moneyline,Shara Magomedov win,red,,0.643034862593477
209df83ff8e5,UFC Fight Night: Fiziev vs. Torres,2026-06-27,Shara Magomedov,Michel Pereira,simulation,,,moneyline,Michel Pereira win,blue,,0.356965137406523
209df83ff8e5,UFC Fight Night: Fiziev vs. Torres,2026-06-27,Shara Magomedov,Michel Pereira,simulation,,,inside_distance,Fight ends inside distance,yes,,0.3971573683673062
209df83ff8e5,UFC Fight Night: Fiziev vs. Torres,2026-06-27,Shara Magomedov,Michel Pereira,simulation,,,inside_distance,Fight goes to decision,no,,0.6028426316326938
209df83ff8e5,UFC Fight Night: Fiziev vs. Torres,2026-06-27,Shara Magomedov,Michel Pereira,simulation,,,method,Win by KO/TKO,ko_tko,,0.2891588695385102
209df83ff8e5,UFC Fight Night: Fiziev vs. Torres,2026-06-27,Shara Magomedov,Michel Pereira,simulation,,,method,Win by Submission,submission,,0.10799849882879596
209df83ff8e5,UFC Fight Night: Fiziev vs. Torres,2026-06-27,Shara Magomedov,Michel Pereira,simulation,,,method,Win by Decision,decision,,0.6028426316326938
209df83ff8e5,UFC Fight Night: Fiziev vs. Torres,2026-06-27,Shara Magomedov,Michel Pereira,simulation,,,total_rounds,Under 1.5 rounds,under,1.5,0.19543375462320042
209df83ff8e5,UFC Fight Night: Fiziev vs. Torres,2026-06-27,Shara Magomedov,Michel Pereira,simulation,,,total_rounds,Over 1.5 rounds,over,1.5,0.8045662453767995
209df83ff8e5,UFC Fight Night: Fiziev vs. Torres,2026-06-27,Shara Magomedov,Michel Pereira,simulation,,,total_rounds,Under 2.5 rounds,under,2.5,0.39336556569769004
209df83ff8e5,UFC Fight Night: Fiziev vs. Torres,2026-06-27,Shara Magomedov,Michel Pereira,simulation,,,total_rounds,Over 2.5 rounds,over,2.5,0.60663443430231
3b9e8bd568a1,UFC Fight Night: Fiziev vs. Torres,2026-06-27,Nazim Sadykhov,Matheus Camilo,simulation,,,moneyline,Nazim Sadykhov win,red,,0.6879116271563609
3b9e8bd568a1,UFC Fight Night: Fiziev vs. Torres,2026-06-27,Nazim Sadykhov,Matheus Camilo,simulation,,,moneyline,Matheus Camilo win,blue,,0.3120883728436391
3b9e8bd568a1,UFC Fight Night: Fiziev vs. Torres,2026-06-27,Nazim Sadykhov,Matheus Camilo,simulation,,,inside_distance,Fight ends inside distance,yes,,0.4516489370772215
3b9e8bd568a1,UFC Fight Night: Fiziev vs. Torres,2026-06-27,Nazim Sadykhov,Matheus Camilo,simulation,,,inside_distance,Fight goes to decision,no,,0.5483510629227786
3b9e8bd568a1,UFC Fight Night: Fiziev vs. Torres,2026-06-27,Nazim Sadykhov,Matheus Camilo,simulation,,,method,Win by KO/TKO,ko_tko,,0.24992272376318894
3b9e8bd568a1,UFC Fight Night: Fiziev vs. Torres,2026-06-27,Nazim Sadykhov,Matheus Camilo,simulation,,,method,Win by Submission,submission,,0.20172621331403254
3b9e8bd568a1,UFC Fight Night: Fiziev vs. Torres,2026-06-27,Nazim Sadykhov,Matheus Camilo,simulation,,,method,Win by Decision,decision,,0.5483510629227786
3b9e8bd568a1,UFC Fight Night: Fiziev vs. Torres,2026-06-27,Nazim Sadykhov,Matheus Camilo,simulation,,,total_rounds,Under 1.5 rounds,under,1.5,0.23977755597156394
3b9e8bd568a1,UFC Fight Night: Fiziev vs. Torres,2026-06-27,Nazim Sadykhov,Matheus Camilo,simulation,,,total_rounds,Over 1.5 rounds,over,1.5,0.7602224440284361
3b9e8bd568a1,UFC Fight Night: Fiziev vs. Torres,2026-06-27,Nazim Sadykhov,Matheus Camilo,simulation,,,total_rounds,Under 2.5 rounds,under,2.5,0.47610456372403814
3b9e8bd568a1,UFC Fight Night: Fiziev vs. Torres,2026-06-27,Nazim Sadykhov,Matheus Camilo,simulation,,,total_rounds,Over 2.5 rounds,over,2.5,0.5238954362759618
66f585bd9bfb,UFC Fight Night: Fiziev vs. Torres,2026-06-27,Asu Almabayev,Charles Johnson,simulation,,,moneyline,Asu Almabayev win,red,,0.795347322482052
66f585bd9bfb,UFC Fight Night: Fiziev vs. Torres,2026-06-27,Asu Almabayev,Charles Johnson,simulation,,,moneyline,Charles Johnson win,blue,,0.20465267751794802
66f585bd9bfb,UFC Fight Night: Fiziev vs. Torres,2026-06-27,Asu Almabayev,Charles Johnson,simulation,,,inside_distance,Fight ends inside distance,yes,,0.49673964767628376
66f585bd9bfb,UFC Fight Night: Fiziev vs. Torres,2026-06-27,Asu Almabayev,Charles Johnson,simulation,,,inside_distance,Fight goes to decision,no,,0.5032603523237162
66f585bd9bfb,UFC Fight Night: Fiziev vs. Torres,2026-06-27,Asu Almabayev,Charles Johnson,simulation,,,method,Win by KO/TKO,ko_tko,,0.21171243318979543
66f585bd9bfb,UFC Fight Night: Fiziev vs. Torres,2026-06-27,Asu Almabayev,Charles Johnson,simulation,,,method,Win by Submission,submission,,0.2850272144864883
66f585bd9bfb,UFC Fight Night: Fiziev vs. Torres,2026-06-27,Asu Almabayev,Charles Johnson,simulation,,,method,Win by Decision,decision,,0.5032603523237162
66f585bd9bfb,UFC Fight Night: Fiziev vs. Torres,2026-06-27,Asu Almabayev,Charles Johnson,simulation,,,total_rounds,Under 1.5 rounds,under,1.5,0.2860072467234592
66f585bd9bfb,UFC Fight Night: Fiziev vs. Torres,2026-06-27,Asu Almabayev,Charles Johnson,simulation,,,total_rounds,Over 1.5 rounds,over,1.5,0.7139927532765409
66f585bd9bfb,UFC Fight Night: Fiziev vs. Torres,2026-06-27,Asu Almabayev,Charles Johnson,simulation,,,total_rounds,Under 2.5 rounds,under,2.5,0.3900659126261628
66f585bd9bfb,UFC Fight Night: Fiziev vs. Torres,2026-06-27,Asu Almabayev,Charles Johnson,simulation,,,total_rounds,Over 2.5 rounds,over,2.5,0.6099340873738373
4c0682a70a66,UFC Fight Night: Fiziev vs. Torres,2026-06-27,Ikram Aliskerov,Brunno Ferreira,simulation,,,moneyline,Ikram Aliskerov win,red,,0.8194521625203842
4c0682a70a66,UFC Fight Night: Fiziev vs. Torres,2026-06-27,Ikram Aliskerov,Brunno Ferreira,simulation,,,moneyline,Brunno Ferreira win,blue,,0.18054783747961578
4c0682a70a66,UFC Fight Night: Fiziev vs. Torres,2026-06-27,Ikram Aliskerov,Brunno Ferreira,simulation,,,inside_distance,Fight ends inside distance,yes,,0.4440736547521589
4c0682a70a66,UFC Fight Night: Fiziev vs. Torres,2026-06-27,Ikram Aliskerov,Brunno Ferreira,simulation,,,inside_distance,Fight goes to decision,no,,0.5559263452478411
4c0682a70a66,UFC Fight Night: Fiziev vs. Torres,2026-06-27,Ikram Aliskerov,Brunno Ferreira,simulation,,,method,Win by KO/TKO,ko_tko,,0.2927235513228966
4c0682a70a66,UFC Fight Night: Fiziev vs. Torres,2026-06-27,Ikram Aliskerov,Brunno Ferreira,simulation,,,method,Win by Submission,submission,,0.15135010342926228
4c0682a70a66,UFC Fight Night: Fiziev vs. Torres,2026-06-27,Ikram Aliskerov,Brunno Ferreira,simulation,,,method,Win by Decision,decision,,0.5559263452478411
4c0682a70a66,UFC Fight Night: Fiziev vs. Torres,2026-06-27,Ikram Aliskerov,Brunno Ferreira,simulation,,,total_rounds,Under 1.5 rounds,under,1.5,0.27346220772501056
4c0682a70a66,UFC Fight Night: Fiziev vs. Torres,2026-06-27,Ikram Aliskerov,Brunno Ferreira,simulation,,,total_rounds,Over 1.5 rounds,over,1.5,0.7265377922749894
4c0682a70a66,UFC Fight Night: Fiziev vs. Torres,2026-06-27,Ikram Aliskerov,Brunno Ferreira,simulation,,,total_rounds,Under 2.5 rounds,under,2.5,0.39852656539764186
4c0682a70a66,UFC Fight Night: Fiziev vs. Torres,2026-06-27,Ikram Aliskerov,Brunno Ferreira,simulation,,,total_rounds,Over 2.5 rounds,over,2.5,0.6014734346023581
4a32238c7fcd,UFC Fight Night: Fiziev vs. Torres,2026-06-27,Abus Magomedov,Michal Oleksiejczuk,simulation,,,moneyline,Abus Magomedov win,red,,0.7437056208101086
4a32238c7fcd,UFC Fight Night: Fiziev vs. Torres,2026-06-27,Abus Magomedov,Michal Oleksiejczuk,simulation,,,moneyline,Michal Oleksiejczuk win,blue,,0.2562943791898914
4a32238c7fcd,UFC Fight Night: Fiziev vs. Torres,2026-06-27,Abus Magomedov,Michal Oleksiejczuk,simulation,,,inside_distance,Fight ends inside distance,yes,,0.5329692992332511
4a32238c7fcd,UFC Fight Night: Fiziev vs. Torres,2026-06-27,Abus Magomedov,Michal Oleksiejczuk,simulation,,,inside_distance,Fight goes to decision,no,,0.4670307007667489
4a32238c7fcd,UFC Fight Night: Fiziev vs. Torres,2026-06-27,Abus Magomedov,Michal Oleksiejczuk,simulation,,,method,Win by KO/TKO,ko_tko,,0.32866104840983473
4a32238c7fcd,UFC Fight Night: Fiziev vs. Torres,2026-06-27,Abus Magomedov,Michal Oleksiejczuk,simulation,,,method,Win by Submission,submission,,0.20430825082341642
4a32238c7fcd,UFC Fight Night: Fiziev vs. Torres,2026-06-27,Abus Magomedov,Michal Oleksiejczuk,simulation,,,method,Win by Decision,decision,,0.4670307007667489
4a32238c7fcd,UFC Fight Night: Fiziev vs. Torres,2026-06-27,Abus Magomedov,Michal Oleksiejczuk,simulation,,,total_rounds,Under 1.5 rounds,under,1.5,0.3028319788362215
4a32238c7fcd,UFC Fight Night: Fiziev vs. Torres,2026-06-27,Abus Magomedov,Michal Oleksiejczuk,simulation,,,total_rounds,Over 1.5 rounds,over,1.5,0.6971680211637785
4a32238c7fcd,UFC Fight Night: Fiziev vs. Torres,2026-06-27,Abus Magomedov,Michal Oleksiejczuk,simulation,,,total_rounds,Under 2.5 rounds,under,2.5,0.4043718555771194
4a32238c7fcd,UFC Fight Night: Fiziev vs. Torres,2026-06-27,Abus Magomedov,Michal Oleksiejczuk,simulation,,,total_rounds,Over 2.5 rounds,over,2.5,0.5956281444228806
d33a42912947,UFC Fight Night: Fiziev vs. Torres,2026-06-27,Farman Hasanov,Eric Nolan,simulation,,,moneyline,Farman Hasanov win,red,,0.8816652423404764
d33a42912947,UFC Fight Night: Fiziev vs. Torres,2026-06-27,Farman Hasanov,Eric Nolan,simulation,,,moneyline,Eric Nolan win,blue,,0.11833475765952362
d33a42912947,UFC Fight Night: Fiziev vs. Torres,2026-06-27,Farman Hasanov,Eric Nolan,simulation,,,inside_distance,Fight ends inside distance,yes,,0.4994269950870567
d33a42912947,UFC Fight Night: Fiziev vs. Torres,2026-06-27,Farman Hasanov,Eric Nolan,simulation,,,inside_distance,Fight goes to decision,no,,0.5005730049129433
d33a42912947,UFC Fight Night: Fiziev vs. Torres,2026-06-27,Farman Hasanov,Eric Nolan,simulation,,,method,Win by KO/TKO,ko_tko,,0.3200115585227097
d33a42912947,UFC Fight Night: Fiziev vs. Torres,2026-06-27,Farman Hasanov,Eric Nolan,simulation,,,method,Win by Submission,submission,,0.179415436564347
d33a42912947,UFC Fight Night: Fiziev vs. Torres,2026-06-27,Farman Hasanov,Eric Nolan,simulation,,,method,Win by Decision,decision,,0.5005730049129433
d33a42912947,UFC Fight Night: Fiziev vs. Torres,2026-06-27,Farman Hasanov,Eric Nolan,simulation,,,total_rounds,Under 1.5 rounds,under,1.5,0.3021946301383425
d33a42912947,UFC Fight Night: Fiziev vs. Torres,2026-06-27,Farman Hasanov,Eric Nolan,simulation,,,total_rounds,Over 1.5 rounds,over,1.5,0.6978053698616575
d33a42912947,UFC Fight Night: Fiziev vs. Torres,2026-06-27,Farman Hasanov,Eric Nolan,simulation,,,total_rounds,Under 2.5 rounds,under,2.5,0.43031081572312746
d33a42912947,UFC Fight Night: Fiziev vs. Torres,2026-06-27,Farman Hasanov,Eric Nolan,simulation,,,total_rounds,Over 2.5 rounds,over,2.5,0.5696891842768725
40155c672b5a,UFC Fight Night: Fiziev vs. Torres,2026-06-27,Abdul Rakhman Yakhyaev,Julius Walker,simulation,,,moneyline,Abdul Rakhman Yakhyaev win,red,,0.898233076439715
40155c672b5a,UFC Fight Night: Fiziev vs. Torres,2026-06-27,Abdul Rakhman Yakhyaev,Julius Walker,simulation,,,moneyline,Julius Walker win,blue,,0.10176692356028505
40155c672b5a,UFC Fight Night: Fiziev vs. Torres,2026-06-27,Abdul Rakhman Yakhyaev,Julius Walker,simulation,,,inside_distance,Fight ends inside distance,yes,,0.7782483116536968
40155c672b5a,UFC Fight Night: Fiziev vs. Torres,2026-06-27,Abdul Rakhman Yakhyaev,Julius Walker,simulation,,,inside_distance,Fight goes to decision,no,,0.2217516883463032
40155c672b5a,UFC Fight Night: Fiziev vs. Torres,2026-06-27,Abdul Rakhman Yakhyaev,Julius Walker,simulation,,,method,Win by KO/TKO,ko_tko,,0.25538387184451683
40155c672b5a,UFC Fight Night: Fiziev vs. Torres,2026-06-27,Abdul Rakhman Yakhyaev,Julius Walker,simulation,,,method,Win by Submission,submission,,0.52286443980918
40155c672b5a,UFC Fight Night: Fiziev vs. Torres,2026-06-27,Abdul Rakhman Yakhyaev,Julius Walker,simulation,,,method,Win by Decision,decision,,0.2217516883463032
40155c672b5a,UFC Fight Night: Fiziev vs. Torres,2026-06-27,Abdul Rakhman Yakhyaev,Julius Walker,simulation,,,total_rounds,Under 1.5 rounds,under,1.5,0.6348701660515048
40155c672b5a,UFC Fight Night: Fiziev vs. Torres,2026-06-27,Abdul Rakhman Yakhyaev,Julius Walker,simulation,,,total_rounds,Over 1.5 rounds,over,1.5,0.3651298339484952
40155c672b5a,UFC Fight Night: Fiziev vs. Torres,2026-06-27,Abdul Rakhman Yakhyaev,Julius Walker,simulation,,,total_rounds,Under 2.5 rounds,under,2.5,0.691970503014486
40155c672b5a,UFC Fight Night: Fiziev vs. Torres,2026-06-27,Abdul Rakhman Yakhyaev,Julius Walker,simulation,,,total_rounds,Over 2.5 rounds,over,2.5,0.30802949698551396
110018376333,UFC Fight Night: Fiziev vs. Torres,2026-06-27,Nursulton Ruziboev,Andrey Pulyaev,simulation,,,moneyline,Nursulton Ruziboev win,red,,0.6652646483545309
110018376333,UFC Fight Night: Fiziev vs. Torres,2026-06-27,Nursulton Ruziboev,Andrey Pulyaev,simulation,,,moneyline,Andrey Pulyaev win,blue,,0.3347353516454691
110018376333,UFC Fight Night: Fiziev vs. Torres,2026-06-27,Nursulton Ruziboev,Andrey Pulyaev,simulation,,,inside_distance,Fight ends inside distance,yes,,0.4559259297142959
110018376333,UFC Fight Night: Fiziev vs. Torres,2026-06-27,Nursulton Ruziboev,Andrey Pulyaev,simulation,,,inside_distance,Fight goes to decision,no,,0.5440740702857041
110018376333,UFC Fight Night: Fiziev vs. Torres,2026-06-27,Nursulton Ruziboev,Andrey Pulyaev,simulation,,,method,Win by KO/TKO,ko_tko,,0.32740121108085585
110018376333,UFC Fight Night: Fiziev vs. Torres,2026-06-27,Nursulton Ruziboev,Andrey Pulyaev,simulation,,,method,Win by Submission,submission,,0.1285247186334401
110018376333,UFC Fight Night: Fiziev vs. Torres,2026-06-27,Nursulton Ruziboev,Andrey Pulyaev,simulation,,,method,Win by Decision,decision,,0.5440740702857041
110018376333,UFC Fight Night: Fiziev vs. Torres,2026-06-27,Nursulton Ruziboev,Andrey Pulyaev,simulation,,,total_rounds,Under 1.5 rounds,under,1.5,0.26049279335475606
110018376333,UFC Fight Night: Fiziev vs. Torres,2026-06-27,Nursulton Ruziboev,Andrey Pulyaev,simulation,,,total_rounds,Over 1.5 rounds,over,1.5,0.7395072066452439
110018376333,UFC Fight Night: Fiziev vs. Torres,2026-06-27,Nursulton Ruziboev,Andrey Pulyaev,simulation,,,total_rounds,Under 2.5 rounds,under,2.5,0.4246907831873932
110018376333,UFC Fight Night: Fiziev vs. Torres,2026-06-27,Nursulton Ruziboev,Andrey Pulyaev,simulation,,,total_rounds,Over 2.5 rounds,over,2.5,0.5753092168126068
63bdd8c2b4a5,UFC Fight Night: Fiziev vs. Torres,2026-06-27,Daniil Donchenko,Andreas Gustafsson,simulation,,,moneyline,Daniil Donchenko win,red,,0.6178512114868255
63bdd8c2b4a5,UFC Fight Night: Fiziev vs. Torres,2026-06-27,Daniil Donchenko,Andreas Gustafsson,simulation,,,moneyline,Andreas Gustafsson win,blue,,0.38214878851317446
63bdd8c2b4a5,UFC Fight Night: Fiziev vs. Torres,2026-06-27,Daniil Donchenko,Andreas Gustafsson,simulation,,,inside_distance,Fight ends inside distance,yes,,0.46761098863374945
63bdd8c2b4a5,UFC Fight Night: Fiziev vs. Torres,2026-06-27,Daniil Donchenko,Andreas Gustafsson,simulation,,,inside_distance,Fight goes to decision,no,,0.5323890113662506
63bdd8c2b4a5,UFC Fight Night: Fiziev vs. Torres,2026-06-27,Daniil Donchenko,Andreas Gustafsson,simulation,,,method,Win by KO/TKO,ko_tko,,0.35972454894946065
63bdd8c2b4a5,UFC Fight Night: Fiziev vs. Torres,2026-06-27,Daniil Donchenko,Andreas Gustafsson,simulation,,,method,Win by Submission,submission,,0.10788643968428878
63bdd8c2b4a5,UFC Fight Night: Fiziev vs. Torres,2026-06-27,Daniil Donchenko,Andreas Gustafsson,simulation,,,method,Win by Decision,decision,,0.5323890113662506
63bdd8c2b4a5,UFC Fight Night: Fiziev vs. Torres,2026-06-27,Daniil Donchenko,Andreas Gustafsson,simulation,,,total_rounds,Under 1.5 rounds,under,1.5,0.3965468767373591
63bdd8c2b4a5,UFC Fight Night: Fiziev vs. Torres,2026-06-27,Daniil Donchenko,Andreas Gustafsson,simulation,,,total_rounds,Over 1.5 rounds,over,1.5,0.6034531232626409
63bdd8c2b4a5,UFC Fight Night: Fiziev vs. Torres,2026-06-27,Daniil Donchenko,Andreas Gustafsson,simulation,,,total_rounds,Under 2.5 rounds,under,2.5,0.44437014925035273
63bdd8c2b4a5,UFC Fight Night: Fiziev vs. Torres,2026-06-27,Daniil Donchenko,Andreas Gustafsson,simulation,,,total_rounds,Over 2.5 rounds,over,2.5,0.5556298507496473
2d4822c71690,UFC Fight Night: Fiziev vs. Torres,2026-06-27,Bekzat Almakhan,Jean Matsumoto,simulation,,,moneyline,Bekzat Almakhan win,red,,0.41656607532897716
2d4822c71690,UFC Fight Night: Fiziev vs. Torres,2026-06-27,Bekzat Almakhan,Jean Matsumoto,simulation,,,moneyline,Jean Matsumoto win,blue,,0.5834339246710228
2d4822c71690,UFC Fight Night: Fiziev vs. Torres,2026-06-27,Bekzat Almakhan,Jean Matsumoto,simulation,,,inside_distance,Fight ends inside distance,yes,,0.5473027833214202
2d4822c71690,UFC Fight Night: Fiziev vs. Torres,2026-06-27,Bekzat Almakhan,Jean Matsumoto,simulation,,,inside_distance,Fight goes to decision,no,,0.45269721667857976
2d4822c71690,UFC Fight Night: Fiziev vs. Torres,2026-06-27,Bekzat Almakhan,Jean Matsumoto,simulation,,,method,Win by KO/TKO,ko_tko,,0.44996414594265555
2d4822c71690,UFC Fight Night: Fiziev vs. Torres,2026-06-27,Bekzat Almakhan,Jean Matsumoto,simulation,,,method,Win by Submission,submission,,0.09733863737876465
2d4822c71690,UFC Fight Night: Fiziev vs. Torres,2026-06-27,Bekzat Almakhan,Jean Matsumoto,simulation,,,method,Win by Decision,decision,,0.45269721667857976
2d4822c71690,UFC Fight Night: Fiziev vs. Torres,2026-06-27,Bekzat Almakhan,Jean Matsumoto,simulation,,,total_rounds,Under 1.5 rounds,under,1.5,0.29282951124088696
2d4822c71690,UFC Fight Night: Fiziev vs. Torres,2026-06-27,Bekzat Almakhan,Jean Matsumoto,simulation,,,total_rounds,Over 1.5 rounds,over,1.5,0.707170488759113
2d4822c71690,UFC Fight Night: Fiziev vs. Torres,2026-06-27,Bekzat Almakhan,Jean Matsumoto,simulation,,,total_rounds,Under 2.5 rounds,under,2.5,0.42677194602082114
2d4822c71690,UFC Fight Night: Fiziev vs. Torres,2026-06-27,Bekzat Almakhan,Jean Matsumoto,simulation,,,total_rounds,Over 2.5 rounds,over,2.5,0.5732280539791789
2921a4d4c53c,UFC Fight Night: Fiziev vs. Torres,2026-06-27,Kaan Ofli,Javier Reyes,simulation,,,moneyline,Kaan Ofli win,red,,0.4692872976686878
2921a4d4c53c,UFC Fight Night: Fiziev vs. Torres,2026-06-27,Kaan Ofli,Javier Reyes,simulation,,,moneyline,Javier Reyes win,blue,,0.5307127023313122
2921a4d4c53c,UFC Fight Night: Fiziev vs. Torres,2026-06-27,Kaan Ofli,Javier Reyes,simulation,,,inside_distance,Fight ends inside distance,yes,,0.5593907422265231
2921a4d4c53c,UFC Fight Night: Fiziev vs. Torres,2026-06-27,Kaan Ofli,Javier Reyes,simulation,,,inside_distance,Fight goes to decision,no,,0.4406092577734769
2921a4d4c53c,UFC Fight Night: Fiziev vs. Torres,2026-06-27,Kaan Ofli,Javier Reyes,simulation,,,method,Win by KO/TKO,ko_tko,,0.4290205289196228
2921a4d4c53c,UFC Fight Night: Fiziev vs. Torres,2026-06-27,Kaan Ofli,Javier Reyes,simulation,,,method,Win by Submission,submission,,0.1303702133069003
2921a4d4c53c,UFC Fight Night: Fiziev vs. Torres,2026-06-27,Kaan Ofli,Javier Reyes,simulation,,,method,Win by Decision,decision,,0.4406092577734769
2921a4d4c53c,UFC Fight Night: Fiziev vs. Torres,2026-06-27,Kaan Ofli,Javier Reyes,simulation,,,total_rounds,Under 1.5 rounds,under,1.5,0.3960640221532731
2921a4d4c53c,UFC Fight Night: Fiziev vs. Torres,2026-06-27,Kaan Ofli,Javier Reyes,simulation,,,total_rounds,Over 1.5 rounds,over,1.5,0.6039359778467269
2921a4d4c53c,UFC Fight Night: Fiziev vs. Torres,2026-06-27,Kaan Ofli,Javier Reyes,simulation,,,total_rounds,Under 2.5 rounds,under,2.5,0.516703080915047
2921a4d4c53c,UFC Fight Night: Fiziev vs. Torres,2026-06-27,Kaan Ofli,Javier Reyes,simulation,,,total_rounds,Over 2.5 rounds,over,2.5,0.483296919084953
